1,GPC000035371,GPC000035371,DPD,ATL - 001,Null,Onsite,N/A,device_type,Active,Null,Null,Null,Null
2,BGPC000032734,BGPC000032734,DPD,ATL - 002,Null,Onsite,N/A,Desktop,Active,Null,Null,Null,Null
3,SOPLAGWK035316,SOPLAGWK035316,DPD,ATL - 003,Null,Onsite,N/A,Desktop,Active,Null,Null,Null,Null
4,SOPLAGWK035318,SOPLAGWK035318,DPD,ATL - 004,Null,Onsite,N/A,Desktop,Active,Null,Null,Null,Null
5,SOPLAGWK035722,SOPLAGWK035722,DPD,ATL - 005,Null,Onsite,N/A,Desktop,Active,Null,Null,Null,Null
6,SOPLAGWK035254,SOPLAGWK035254,DPD,ATL - 006,Null,Onsite,N/A,Desktop,Active,Null,Null,Null,Null
7,SOPLAGW60019765,SOPLAGW60019765,DPD,ATL - 007,Null,Onsite,N/A,Desktop,Active,Null,Null,Null,Null
8,SOPLAGW60019764,SOPLAGW60019764,DPD,ATL - 008,Null,Onsite,N/A,Desktop,Active,Null,Null,Null,Null
9,SOPLAGW60098221,SOPLAGW60098221,DPD,ATL - 009,Null,Onsite,N/A,Laptop,Active,Null,Null,Null,Null
10,SOPLAGWK035376,SOPLAGWK035376,SPRINGER ,ATL - 010,Null,Onsite,N/A,Desktop,Active,Null,Null,Null,Null
11,SOPLAGWK022021,SOPLAGWK022021,NATGEN,ATL - 011,Null,Onsite,N/A,Desktop,Active,Null,Null,Null,Null
12,SOPLAGW6009981,SOPLAGW6009981,DPD,ATL - 012,Null,Onsite,N/A,Laptop,Active,Null,Null,Null,Null
13,SOPLAGW60019759,SOPLAGW60019759,DPD,ATL - 013,Null,Onsite,N/A,Desktop,Active,Null,Null,Null,Null
14,SOPLAGWK035735,SOPLAGWK035735,DPD,ATL - 014,Null,Onsite,N/A,Desktop,Active,Null,Null,Null,Null
15,SOPLAGW60019758,SOPLAGW60019758,DPD,ATL - 015,Null,Onsite,N/A,Desktop,Active,Null,Null,Null,Null
16,SOPLAGWK035237,SOPLAGWK035237,DPD,ATL - 016,Null,Onsite,N/A,Desktop,Active,Null,Null,Null,Null
17,SOPLAGWK035324,SOPLAGWK035324,DPD,ATL - 017,Null,Onsite,N/A,Desktop,Active,Null,Null,Null,Null
18,SOPLAGW60019760,SOPLAGW60019760,DPD,ATL - 018,Null,Onsite,N/A,Desktop,Active,Null,Null,Null,Null
19,SOPLAGWK035253,SOPLAGWK035253,DPD,ATL - 019,Null,Onsite,N/A,Desktop,Active,Null,Null,Null,Null
20,SOPLAGW60019800,SOPLAGW60019800,SPRINGER JEO,ATL - 020,Null,Onsite,N/A,Desktop,Active,Null,Null,Null,Null
21,SOPLAGW60019801,SOPLAGW60019801,SPRINGER JEO,ATL - 021,Null,Onsite,N/A,Desktop,Active,Null,Null,Null,Null
22,SOPLAGW60087650,SOPLAGW60087650,SPRINGER JEO,ATL - 022,Null,Onsite,N/A,Desktop,Active,Null,Null,Null,Null
23,SOPLAGW60021029,SOPLAGW60021029,DPD,ATL - 023,Null,Onsite,N/A,Desktop,Active,Null,Null,Null,Null
24,SOPLAGW60021028,SOPLAGW60021028,DPD,ATL - 024,Null,Onsite,N/A,Desktop,Active,Null,Null,Null,Null
25,SOPLAGW60021022,SOPLAGW60021022,DPD,ATL - 025,Null,Onsite,N/A,Desktop,Active,Null,Null,Null,Null
26,SOPLAGW60021019,SOPLAGW60021019,DPD,ATL - 026,Null,Onsite,N/A,Desktop,Active,Null,Null,Null,Null
27,SOPLAGW60021027,SOPLAGW60021027,DPD,ATL - 027,Null,Onsite,N/A,Desktop,Active,Null,Null,Null,Null
28,SOPLAGW60021011,SOPLAGW60021011,DPD,ATL - 028,Null,Onsite,N/A,Desktop,Active,Null,Null,Null,Null
29,SOPLAGW60021025,SOPLAGW60021025,DPD,ATL - 029,Null,Onsite,N/A,Desktop,Active,Null,Null,Null,Null
30,SOPLAGW60021024,SOPLAGW60021024,DPD,ATL - 030,Null,Onsite,N/A,Desktop,Active,Null,Null,Null,Null
31,SOPLAGW60021282,SOPLAGW60021282,SPRINGER JEO,ATL - 031,Null,Onsite,N/A,Desktop,Active,Null,Null,Null,Null
32,SOPLAGW60012345,SOPLAGW60012345,SPRINGER JEO,ATL - 032,Null,Onsite,N/A,Desktop,Active,Null,Null,Null,Null
33,SOPLAGWK035386,SOPLAGWK035386,SPRINGER JEO,ATL - 033,Null,Onsite,N/A,Desktop,Active,Null,Null,Null,Null
34,SOPLAGW60021023,SOPLAGW60021023,DPD,ATL - 034,Null,Onsite,N/A,Desktop,Active,Null,Null,Null,Null
35,SOPLAGW60021030,SOPLAGW60021030,DPD,ATL - 035,Null,Onsite,N/A,Desktop,Active,Null,Null,Null,Null
36,SOPLAGW60021031,SOPLAGW60021031,DPD,ATL - 036,Null,Onsite,N/A,Desktop,Active,Null,Null,Null,Null
37,SOPLAGW60021408,SOPLAGW60021408,DPD,ATL - 037,Null,Onsite,N/A,Desktop,Active,Null,Null,Null,Null
38,SOPLAGW60021027,SOPLAGW60021027,DPD,ATL - 038,Null,Onsite,N/A,Desktop,Active,Null,Null,Null,Null
39,SOPLAGW60021020,SOPLAGW60021020,DPD,ATL - 039,Null,Onsite,N/A,Desktop,Active,Null,Null,Null,Null
40,SOPLAGW60021010,SOPLAGW60021010,DPD,ATL - 040,Null,Onsite,N/A,Desktop,Active,Null,Null,Null,Null
41,SOPLAGW60021016,SOPLAGW60021016,DPD,ATL - 041,Null,Onsite,N/A,Desktop,Active,Null,Null,Null,Null
42,SOPLAGW60021096,SOPLAGW60021096,SPRINGER JEO,ATL - 042,Null,Onsite,N/A,Desktop,Active,Null,Null,Null,Null
43,SOPLAGW60021098,SOPLAGW60021098,SPRINGER JEO,ATL - 043,Null,Onsite,N/A,Desktop,Active,Null,Null,Null,Null
44,SOPLAGW60021298,SOPLAGW60021298,SPRINGER JEO,ATL - 044,Null,Onsite,N/A,Desktop,Active,Null,Null,Null,Null
45,SOPLAGW60021012,SOPLAGW60021012,DPD,ATL - 045,Null,Onsite,N/A,Desktop,Active,Null,Null,Null,Null
46,SOPLAGW60021013,SOPLAGW60021013,DPD,ATL - 046,Null,Onsite,N/A,Desktop,Active,Null,Null,Null,Null
47,SOPLAGW60021026,SOPLAGW60021026,DPD,ATL - 047,Null,Onsite,N/A,Desktop,Active,Null,Null,Null,Null
48,SOPLAGW60021015,SOPLAGW60021015,DPD,ATL - 048,Null,Onsite,N/A,Desktop,Active,Null,Null,Null,Null
49,SOPLAGW60021018,SOPLAGW60021018,DPD,ATL - 049,Null,Onsite,N/A,Desktop,Active,Null,Null,Null,Null
50,SOPLAGW60021012,SOPLAGW60021012,DPD,ATL - 050,Null,Onsite,N/A,Desktop,Active,Null,Null,Null,Null
51,SOPLAGW60021408,SOPLAGW60021408,DPD,ATL - 051,Null,Onsite,N/A,Desktop,Active,Null,Null,Null,Null
52,SOPLAGW60021410,SOPLAGW60021410,DPD,ATL - 052,Null,Onsite,N/A,Desktop,Active,Null,Null,Null,Null
53,SOPLAGW60021006,SOPLAGW60021006,SPRINGER JEO,ATL - 053,Null,Onsite,N/A,Desktop,Active,Null,Null,Null,Null
54,SOPLAGW60021404,SOPLAGW60021494,SPRINGER JEO,ATL - 054,Null,Onsite,N/A,Desktop,Active,Null,Null,Null,Null
55,SOPLAGW60021407,SOPLAGW600091407,SPRINGER JEO,ATL - 055,Null,Onsite,N/A,Desktop,Active,Null,Null,Null,Null
56,SOPLAGW60021409,SOPLAGW60021409,DPD,ATL - 056,Null,Onsite,N/A,Desktop,Active,Null,Null,Null,Null
57,SOPLAGW60021405,SOPLAGW60021405,DPD,ATL - 057,Null,Onsite,N/A,Desktop,Active,Null,Null,Null,Null
58,SOPLAGW60021406,SOPLAGW60021406,DPD,ATL - 058,Null,Onsite,N/A,Desktop,Active,Null,Null,Null,Null
59,SOPLAGW60021407,SOPLAGW60021407,DPD,ATL - 059,Null,Onsite,N/A,Desktop,Active,Null,Null,Null,Null
60,SOPLAGW60021404,SOPLAGW60021404,DPD,ATL - 060,Null,Onsite,N/A,Desktop,Active,Null,Null,Null,Null
61,SOPLAGW60021423,SOPLAGW60021423,DPD,ATL - 061,Null,Onsite,N/A,Desktop,Active,Null,Null,Null,Null
62,SOPLAGW60021223,SOPLAGW60021223,DPD,ATL - 062,Null,Onsite,N/A,Desktop,Active,Null,Null,Null,Null
63,SOPLAGW60019723,SOPLAGW60019723,DPD,ATL - 063,Null,Onsite,N/A,Desktop,Active,Null,Null,Null,Null
64,SOPLAGW60019743,SOPLAGW60019743,SPRINGER JEO,ATL - 064,Null,Onsite,N/A,Desktop,Active,Null,Null,Null,Null
65,SOPLAGW60019733,SOPLAGW60019733,SPRINGER JEO,ATL - 065,Null,Onsite,N/A,Desktop,Active,Null,Null,Null,Null
66,SOPLAGW60012733,SOPLAGW60012733,SPRINGER JEO,ATL - 066,Null,Onsite,N/A,Desktop,Active,Null,Null,Null,Null
67,SOPLAGW60019743,SOPLAGW60019743,DPD,ATL - 067,Null,Onsite,N/A,Desktop,Active,Null,Null,Null,Null
68,SOPLAGW60019943,SOPLAGW60019943,DPD,ATL - 068,Null,Onsite,N/A,Desktop,Active,Null,Null,Null,Null
69,SOPLAGW60022009,SOPLAGW60022009,DPD,ATL - 069,Null,Onsite,N/A,Desktop,Active,Null,Null,Null,Null
70,SOPLAGW60023009,SOPLAGW60023009,DPD,ATL - 070,Null,Onsite,N/A,Desktop,Active,Null,Null,Null,Null
71,SOPLAGW60024009,SOPLAGW60024009,DPD,ATL - 071,Null,Onsite,N/A,Desktop,Active,Null,Null,Null,Null
72,SOPLAGW60025009,SOPLAGW60025009,DPD,ATL - 072,Null,Onsite,N/A,Desktop,Active,Null,Null,Null,Null
73,SOPLAGW60026009,SOPLAGW60026009,DPD,ATL - 073,Null,Onsite,N/A,Desktop,Active,Null,Null,Null,Null
74,SOPLAGW60026089,SOPLAGW60026089,DPD,ATL - 074,Null,Onsite,N/A,Desktop,Active,Null,Null,Null,Null
75,SOPLAGW60029089,SOPLAGW60029089,SPRINGER JEO,ATL - 075,Null,Onsite,N/A,Desktop,Active,Null,Null,Null,Null
76,SOPLAGW60021089,SOPLAGW60021089,SPRINGER JEO,ATL - 076,Null,Onsite,N/A,Desktop,Active,Null,Null,Null,Null
77,SOPLAGW60021789,SOPLAGW60021789,SPRINGER JEO,ATL - 077,Null,Onsite,N/A,Desktop,Active,Null,Null,Null,Null
78,SOPLAGW60019756,SOPLAGW60019756,DPD,ATL - 078,Null,Onsite,N/A,Desktop,Active,Null,Null,Null,Null
79,SOPLAGW60019757,SOPLAGW60019757,DPD,ATL - 079,Null,Onsite,N/A,Desktop,Active,Null,Null,Null,Null
80,SOPLAGW60019762,SOPLAGW60019762,DPD,ATL - 080,Null,Onsite,N/A,Desktop,Active,Null,Null,Null,Null
81,SOPLAGW60019761,SOPLAGW60019761,DPD,ATL - 081,Null,Onsite,N/A,Desktop,Active,Null,Null,Null,Null
82,SOPLAGW60019763,SOPLAGW60019763,DPD,ATL - 082,Null,Onsite,N/A,Desktop,Active,Null,Null,Null,Null
83,SOPLAGW60031789,SOPLAGW60031789,DPD,ATL - 083,Null,Onsite,N/A,Desktop,Active,Null,Null,Null,Null
84,SOPLAGW60032789,SOPLAGW60032789,DPD,ATL - 084,Null,Onsite,N/A,Desktop,Active,Null,Null,Null,Null
85,SOPLAGW60032709,SOPLAGW60032709,DPD,ATL - 085,Null,Onsite,N/A,Desktop,Active,Null,Null,Null,Null
86,SOPLAGW60032809,SOPLAGW60032809,SPRINGER JEO,ATL - 086,Null,Onsite,N/A,Desktop,Active,Null,Null,Null,Null
87,SOPLAGW60032509,SOPLAGW60032509,SPRINGER JEO,ATL - 087,Null,Onsite,N/A,Desktop,Active,Null,Null,Null,Null
88,SOPLAGW60033509,SOPLAGW60033509,SPRINGER JEO,ATL - 088,Null,Onsite,N/A,Desktop,Active,Null,Null,Null,Null
89,SOPLAGW60033609,SOPLAGW60033609,DPD,ATL - 089,Null,Onsite,N/A,Desktop,Active,Null,Null,Null,Null
90,SOPLAGW60035609,SOPLAGW60035609,DPD,ATL - 090,Null,Onsite,N/A,Desktop,Active,Null,Null,Null,Null
91,SOPLAGW60033519,SOPLAGW60033519,DPD,ATL - 091,Null,Onsite,N/A,Desktop,Active,Null,Null,Null,Null
92,SOPLAGW60021999,SOPLAGW60021999,DPD,ATL - 092,Null,Onsite,N/A,Desktop,Active,Null,Null,Null,Null
93,SOPLAGW60021008,SOPLAGW60021008,DPD,ATL - 093,Null,Onsite,N/A,Desktop,Active,Null,Null,Null,Null
94,SOPLAGW60021009,SOPLAGW60021009,DPD,ATL - 094,Null,Onsite,N/A,Desktop,Active,Null,Null,Null,Null
95,SOPLAGW60021109,SOPLAGW60021109,SPRINGER JEO,ATL - 095,Null,Onsite,N/A,Desktop,Active,Null,Null,Null,Null
96,SOPLAGW60021209,SOPLAGW60021209,SPRINGER JEO,ATL - 096,Null,Onsite,N/A,Desktop,Active,Null,Null,Null,Null
97,SOPLAGW60091209,SOPLAGW60091209,SPRINGER JEO,ATL - 097,Null,Onsite,N/A,Desktop,Active,Null,Null,Null,Null
98,SOPLAGL60011223,SOPLAGL60011223,SPRINGER JEO,ATL - 098,Null,Onsite,N/A,Laptop,Active,Null,Null,Null,Null
99,SOPLAGL60012323,SOPLAGL60012323,SPRINGER JEO,ATL - 099,Null,Onsite,N/A,Laptop,Active,Null,Null,Null,Null
100,SOPLAGWK035900,SOPLAGWK035900,NATGEN,ATL - 100,Null,Onsite,N/A,Desktop,Active,Null,Null,Null,Null
101,SOPLAGWK036085,SOPLAGWK036085,NATGEN,ATL - 101,Null,Onsite,N/A,Desktop,Active,Null,Null,Null,Null
102,SOPLAGW60019747,SOPLAGW60019747,NATGEN,ATL - 102,Null,Onsite,N/A,Desktop,Active,Null,Null,Null,Null
103,SOPLAGWK035919,SOPLAGWK035919,NATGEN,ATL - 103,Null,Onsite,N/A,Desktop,Active,Null,Null,Null,Null
104,SOPLAGWK035571,SOPLAGWK035571,NATGEN,ATL - 104,Null,Onsite,N/A,Desktop,Active,Null,Null,Null,Null
105,SOPLAGWK035863,SOPLAGWK035863,NATGEN,ATL - 105,Null,Onsite,N/A,Desktop,Active,Null,Null,Null,Null
106,SOPLAGWK035862,SOPLAGWK035862,NATGEN,ATL - 106,Null,Onsite,N/A,Desktop,Active,Null,Null,Null,Null
107,SOPLAGWK036097,SOPLAGWK036097,NATGEN,ATL - 107,Null,Onsite,N/A,Desktop,Active,Null,Null,Null,Null
108,SOPLAGWK035575,SOPLAGWK035575,NATGEN,ATL - 108,Null,Onsite,N/A,Desktop,Active,Null,Null,Null,Null
109,SOPLAGWK035912,SOPLAGWK035912,NATGEN,ATL - 109,Null,Onsite,N/A,Desktop,Active,Null,Null,Null,Null
110,SOPLAGW60019732,SOPLAGW60019732,NATGEN,ATL - 110,Null,Onsite,N/A,Desktop,Active,Null,Null,Null,Null
111,SOPLAGWK035545,SOPLAGWK035545,NATGEN,ATL - 111,Null,Onsite,N/A,Desktop,Active,Null,Null,Null,Null
112,SOPLAGWK035553,SOPLAGWK035553,NATGEN,ATL - 112,Null,Onsite,N/A,Desktop,Active,Null,Null,Null,Null
113,SOPLAGWK036084,SOPLAGWK036084,NATGEN,ATL - 113,Null,Onsite,N/A,Desktop,Active,Null,Null,Null,Null
114,SOPLAGWK035565,SOPLAGWK035565,NATGEN,ATL - 114,Null,Onsite,N/A,Desktop,Active,Null,Null,Null,Null
115,SOPLAGW60019726,SOPLAGW60019726,NATGEN,ATL - 115,Null,Onsite,N/A,Desktop,Active,Null,Null,Null,Null
116,SOPLAGWK035566,SOPLAGWK035566,NATGEN,ATL - 116,Null,Onsite,N/A,Desktop,Active,Null,Null,Null,Null
117,SOPLAGWK036090,SOPLAGWK036090,NATGEN,ATL - 117,Null,Onsite,N/A,Desktop,Active,Null,Null,Null,Null
118,SOPLAGW60019719,SOPLAGW60019719,NATGEN,ATL - 118,Null,Onsite,N/A,Desktop,Active,Null,Null,Null,Null
119,SOPLAGWK036091,SOPLAGWK036091,NATGEN,ATL - 119,Null,Onsite,N/A,Desktop,Active,Null,Null,Null,Null
120,SOPLAGWK035344,SOPLAGWK035344,NATGEN,ATL - 120,Null,Onsite,N/A,Desktop,Active,Null,Null,Null,Null
121,SOPLAGWK036102,SOPLAGWK036102,NATGEN,ATL - 121,Null,Onsite,N/A,Desktop,Active,Null,Null,Null,Null
122,SOPLAGWK035578,SOPLAGWK035578,NATGEN,ATL - 122,Null,Onsite,N/A,Desktop,Active,Null,Null,Null,Null
123,SOPLAGWK035924,SOPLAGWK035924,NATGEN,ATL - 123,Null,Onsite,N/A,Desktop,Active,Null,Null,Null,Null
124,SOPLAGWK035576,SOPLAGWK035576,NATGEN,ATL - 124,Null,Onsite,N/A,Desktop,Active,Null,Null,Null,Null
125,SOPLAGWK035561,SOPLAGWK035561,NATGEN,ATL - 125,Null,Onsite,N/A,Desktop,Active,Null,Null,Null,Null
126,SOPLAGWK035562,SOPLAGWK035562,NATGEN,ATL - 126,Null,Onsite,N/A,Desktop,Active,Null,Null,Null,Null
127,SOPLAGWK035895,SOPLAGWK035895,NATGEN,ATL - 127,Null,Onsite,N/A,Desktop,Active,Null,Null,Null,Null
128,SOPLAGW60019730,SOPLAGW60019730,NATGEN,ATL - 128,Null,Onsite,N/A,Desktop,Active,Null,Null,Null,Null
129,SOPLAGWK034805,SOPLAGWK034805,NATGEN,ATL - 129,Null,Onsite,N/A,Desktop,Active,Null,Null,Null,Null
130,,,,,,,,,,,,,
131,,,,,,,,,,,,,
132,,,,,,,,,,,,,
133,,,,,,,,,,,,,
134,,,,,,,,,,,,,
135,,,,,,,,,,,,,
136,,,,,,,,,,,,,
137,,,,,,,,,,,,,
138,,,,,,,,,,,,,
139,,,,,,,,,,,,,
140,,,,,,,,,,,,,
141,,,,,,,,,,,,,
142,,,,,,,,,,,,,
143,,,,,,,,,,,,,
144,,,,,,,,,,,,,
145,,,,,,,,,,,,,
146,,,,,,,,,,,,,
147,,,,,,,,,,,,,
148,,,,,,,,,,,,,
149,,,,,,,,,,,,,
150,,,,,,,,,,,,,
151,,,,,,,,,,,,,
152,,,,,,,,,,,,,
153,,,,,,,,,,,,,
154,,,,,,,,,,,,,
155,,,,,,,,,,,,,
156,,,,,,,,,,,,,
157,,,,,,,,,,,,,
158,,,,,,,,,,,,,
159,,,,,,,,,,,,,
160,,,,,,,,,,,,,
161,,,,,,,,,,,,,
162,,,,,,,,,,,,,
163,,,,,,,,,,,,,
164,,,,,,,,,,,,,
165,,,,,,,,,,,,,
166,,,,,,,,,,,,,
167,,,,,,,,,,,,,
168,,,,,,,,,,,,,
169,,,,,,,,,,,,,
170,,,,,,,,,,,,,
171,,,,,,,,,,,,,
172,,,,,,,,,,,,,
173,,,,,,,,,,,,,
174,,,,,,,,,,,,,
175,,,,,,,,,,,,,
176,,,,,,,,,,,,,
177,,,,,,,,,,,,,
178,,,,,,,,,,,,,
179,,,,,,,,,,,,,
180,,,,,,,,,,,,,
181,,,,,,,,,,,,,
182,,,,,,,,,,,,,
183,,,,,,,,,,,,,
184,,,,,,,,,,,,,
185,,,,,,,,,,,,,
186,,,,,,,,,,,,,
187,,,,,,,,,,,,,
188,,,,,,,,,,,,,
189,,,,,,,,,,,,,
190,,,,,,,,,,,,,
191,,,,,,,,,,,,,
192,,,,,,,,,,,,,
193,,,,,,,,,,,,,
194,,,,,,,,,,,,,
195,,,,,,,,,,,,,
196,,,,,,,,,,,,,
197,,,,,,,,,,,,,
198,,,,,,,,,,,,,
199,,,,,,,,,,,,,
200,,,,,,,,,,,,,
201,,,,,,,,,,,,,
202,,,,,,,,,,,,,
203,,,,,,,,,,,,,
204,,,,,,,,,,,,,
205,,,,,,,,,,,,,
206,,,,,,,,,,,,,
207,,,,,,,,,,,,,
208,,,,,,,,,,,,,
209,,,,,,,,,,,,,
210,,,,,,,,,,,,,
211,,,,,,,,,,,,,
212,,,,,,,,,,,,,
213,,,,,,,,,,,,,
214,,,,,,,,,,,,,
215,,,,,,,,,,,,,
216,,,,,,,,,,,,,
217,,,,,,,,,,,,,
218,,,,,,,,,,,,,
219,,,,,,,,,,,,,
220,,,,,,,,,,,,,
221,,,,,,,,,,,,,
222,,,,,,,,,,,,,
223,,,,,,,,,,,,,
224,,,,,,,,,,,,,
225,,,,,,,,,,,,,
226,,,,,,,,,,,,,
227,,,,,,,,,,,,,
228,,,,,,,,,,,,,
229,,,,,,,,,,,,,
230,,,,,,,,,,,,,
231,,,,,,,,,,,,,
232,,,,,,,,,,,,,
233,,,,,,,,,,,,,
234,,,,,,,,,,,,,
235,,,,,,,,,,,,,
236,,,,,,,,,,,,,
237,,,,,,,,,,,,,
238,,,,,,,,,,,,,
239,,,,,,,,,,,,,
240,,,,,,,,,,,,,
241,,,,,,,,,,,,,
242,,,,,,,,,,,,,
243,,,,,,,,,,,,,
244,,,,,,,,,,,,,
245,,,,,,,,,,,,,
246,,,,,,,,,,,,,
247,,,,,,,,,,,,,
248,,,,,,,,,,,,,
249,,,,,,,,,,,,,
250,,,,,,,,,,,,,
251,,,,,,,,,,,,,
252,,,,,,,,,,,,,
253,,,,,,,,,,,,,
254,,,,,,,,,,,,,
255,,,,,,,,,,,,,
256,,,,,,,,,,,,,
257,,,,,,,,,,,,,
258,,,,,,,,,,,,,
259,,,,,,,,,,,,,
260,,,,,,,,,,,,,
261,,,,,,,,,,,,,
262,,,,,,,,,,,,,
263,,,,,,,,,,,,,
264,,,,,,,,,,,,,
265,,,,,,,,,,,,,
266,,,,,,,,,,,,,
267,,,,,,,,,,,,,
268,,,,,,,,,,,,,
269,,,,,,,,,,,,,
270,,,,,,,,,,,,,
271,,,,,,,,,,,,,
272,,,,,,,,,,,,,
273,,,,,,,,,,,,,
274,,,,,,,,,,,,,
275,,,,,,,,,,,,,
276,,,,,,,,,,,,,
277,,,,,,,,,,,,,
278,,,,,,,,,,,,,
279,,,,,,,,,,,,,
280,,,,,,,,,,,,,
281,,,,,,,,,,,,,
282,,,,,,,,,,,,,
283,,,,,,,,,,,,,
284,,,,,,,,,,,,,
285,,,,,,,,,,,,,
286,,,,,,,,,,,,,
287,,,,,,,,,,,,,
288,,,,,,,,,,,,,
289,,,,,,,,,,,,,
290,,,,,,,,,,,,,
291,,,,,,,,,,,,,
292,,,,,,,,,,,,,
293,,,,,,,,,,,,,
294,,,,,,,,,,,,,
295,,,,,,,,,,,,,
296,,,,,,,,,,,,,
297,,,,,,,,,,,,,
298,,,,,,,,,,,,,
299,,,,,,,,,,,,,
300,,,,,,,,,,,,,
301,,,,,,,,,,,,,
302,,,,,,,,,,,,,
303,,,,,,,,,,,,,
304,,,,,,,,,,,,,
305,,,,,,,,,,,,,
306,,,,,,,,,,,,,
307,,,,,,,,,,,,,
308,,,,,,,,,,,,,
309,,,,,,,,,,,,,
310,,,,,,,,,,,,,
311,,,,,,,,,,,,,
312,,,,,,,,,,,,,
313,,,,,,,,,,,,,
314,,,,,,,,,,,,,
315,,,,,,,,,,,,,
316,,,,,,,,,,,,,
317,,,,,,,,,,,,,
318,,,,,,,,,,,,,
319,,,,,,,,,,,,,
320,,,,,,,,,,,,,
321,,,,,,,,,,,,,
322,,,,,,,,,,,,,
323,,,,,,,,,,,,,
324,,,,,,,,,,,,,
325,,,,,,,,,,,,,
326,,,,,,,,,,,,,
327,,,,,,,,,,,,,
328,,,,,,,,,,,,,
329,,,,,,,,,,,,,
330,,,,,,,,,,,,,
331,,,,,,,,,,,,,
332,,,,,,,,,,,,,
333,,,,,,,,,,,,,
334,,,,,,,,,,,,,
335,,,,,,,,,,,,,
336,,,,,,,,,,,,,
337,,,,,,,,,,,,,
338,,,,,,,,,,,,,
339,,,,,,,,,,,,,
340,,,,,,,,,,,,,
341,,,,,,,,,,,,,
342,,,,,,,,,,,,,
343,,,,,,,,,,,,,
344,,,,,,,,,,,,,
345,,,,,,,,,,,,,
346,,,,,,,,,,,,,
347,,,,,,,,,,,,,
348,,,,,,,,,,,,,
349,,,,,,,,,,,,,
350,,,,,,,,,,,,,
351,,,,,,,,,,,,,
352,,,,,,,,,,,,,
353,,,,,,,,,,,,,
354,,,,,,,,,,,,,
355,,,,,,,,,,,,,
356,,,,,,,,,,,,,
357,,,,,,,,,,,,,
358,,,,,,,,,,,,,
359,,,,,,,,,,,,,
360,,,,,,,,,,,,,
361,,,,,,,,,,,,,
362,,,,,,,,,,,,,
363,,,,,,,,,,,,,
364,,,,,,,,,,,,,
365,,,,,,,,,,,,,
366,,,,,,,,,,,,,
367,,,,,,,,,,,,,
368,,,,,,,,,,,,,
369,,,,,,,,,,,,,
370,,,,,,,,,,,,,
371,,,,,,,,,,,,,
372,,,,,,,,,,,,,
373,,,,,,,,,,,,,
374,,,,,,,,,,,,,
375,,,,,,,,,,,,,
376,,,,,,,,,,,,,
377,,,,,,,,,,,,,
378,,,,,,,,,,,,,
379,,,,,,,,,,,,,
380,,,,,,,,,,,,,
381,,,,,,,,,,,,,
382,,,,,,,,,,,,,
383,,,,,,,,,,,,,
384,,,,,,,,,,,,,
385,,,,,,,,,,,,,
386,,,,,,,,,,,,,
387,,,,,,,,,,,,,
388,,,,,,,,,,,,,
389,,,,,,,,,,,,,
390,,,,,,,,,,,,,
391,,,,,,,,,,,,,
392,,,,,,,,,,,,,
393,,,,,,,,,,,,,
394,,,,,,,,,,,,,
395,,,,,,,,,,,,,
396,,,,,,,,,,,,,
397,,,,,,,,,,,,,
398,,,,,,,,,,,,,
399,,,,,,,,,,,,,
400,,,,,,,,,,,,,
401,,,,,,,,,,,,,
402,,,,,,,,,,,,,
403,,,,,,,,,,,,,
404,,,,,,,,,,,,,
405,,,,,,,,,,,,,
406,,,,,,,,,,,,,
407,,,,,,,,,,,,,
408,,,,,,,,,,,,,
409,,,,,,,,,,,,,
410,,,,,,,,,,,,,
411,,,,,,,,,,,,,
412,,,,,,,,,,,,,
413,,,,,,,,,,,,,
414,,,,,,,,,,,,,
415,,,,,,,,,,,,,
416,,,,,,,,,,,,,
417,,,,,,,,,,,,,
418,,,,,,,,,,,,,
419,,,,,,,,,,,,,
420,,,,,,,,,,,,,
421,,,,,,,,,,,,,
422,,,,,,,,,,,,,
423,,,,,,,,,,,,,
424,,,,,,,,,,,,,
425,,,,,,,,,,,,,
426,,,,,,,,,,,,,
427,,,,,,,,,,,,,
428,,,,,,,,,,,,,
429,,,,,,,,,,,,,
430,,,,,,,,,,,,,
431,,,,,,,,,,,,,
432,,,,,,,,,,,,,
433,,,,,,,,,,,,,
434,,,,,,,,,,,,,
435,,,,,,,,,,,,,
436,,,,,,,,,,,,,
437,,,,,,,,,,,,,
438,,,,,,,,,,,,,
439,,,,,,,,,,,,,
440,,,,,,,,,,,,,
441,,,,,,,,,,,,,
442,,,,,,,,,,,,,
443,,,,,,,,,,,,,
444,,,,,,,,,,,,,
445,,,,,,,,,,,,,
446,,,,,,,,,,,,,
447,,,,,,,,,,,,,
448,,,,,,,,,,,,,
449,,,,,,,,,,,,,
450,,,,,,,,,,,,,
451,,,,,,,,,,,,,
452,,,,,,,,,,,,,
453,,,,,,,,,,,,,
454,,,,,,,,,,,,,
455,,,,,,,,,,,,,
456,,,,,,,,,,,,,
457,,,,,,,,,,,,,
458,,,,,,,,,,,,,
459,,,,,,,,,,,,,
460,,,,,,,,,,,,,
461,,,,,,,,,,,,,
462,,,,,,,,,,,,,
463,,,,,,,,,,,,,
464,,,,,,,,,,,,,
465,,,,,,,,,,,,,
466,,,,,,,,,,,,,
467,,,,,,,,,,,,,
468,,,,,,,,,,,,,
469,,,,,,,,,,,,,
470,,,,,,,,,,,,,
471,,,,,,,,,,,,,
472,,,,,,,,,,,,,
473,,,,,,,,,,,,,
474,,,,,,,,,,,,,
475,,,,,,,,,,,,,
476,,,,,,,,,,,,,
477,,,,,,,,,,,,,
478,,,,,,,,,,,,,
479,,,,,,,,,,,,,
480,,,,,,,,,,,,,
481,,,,,,,,,,,,,
482,,,,,,,,,,,,,
483,,,,,,,,,,,,,
484,,,,,,,,,,,,,
485,,,,,,,,,,,,,
486,,,,,,,,,,,,,
487,,,,,,,,,,,,,
488,,,,,,,,,,,,,
489,,,,,,,,,,,,,
490,,,,,,,,,,,,,
491,,,,,,,,,,,,,
492,,,,,,,,,,,,,
493,,,,,,,,,,,,,
494,,,,,,,,,,,,,
495,,,,,,,,,,,,,
496,,,,,,,,,,,,,
497,,,,,,,,,,,,,
498,,,,,,,,,,,,,
499,,,,,,,,,,,,,
500,,,,,,,,,,,,,
501,,,,,,,,,,,,,
502,,,,,,,,,,,,,
503,,,,,,,,,,,,,
504,,,,,,,,,,,,,
505,,,,,,,,,,,,,
506,,,,,,,,,,,,,
507,,,,,,,,,,,,,
508,,,,,,,,,,,,,
509,,,,,,,,,,,,,
510,,,,,,,,,,,,,
511,,,,,,,,,,,,,
512,,,,,,,,,,,,,
513,,,,,,,,,,,,,
514,,,,,,,,,,,,,
515,,,,,,,,,,,,,
516,,,,,,,,,,,,,
517,,,,,,,,,,,,,
518,,,,,,,,,,,,,
519,,,,,,,,,,,,,
520,,,,,,,,,,,,,
521,,,,,,,,,,,,,
522,,,,,,,,,,,,,
523,,,,,,,,,,,,,
524,,,,,,,,,,,,,
525,,,,,,,,,,,,,
526,,,,,,,,,,,,,
527,,,,,,,,,,,,,
528,,,,,,,,,,,,,
529,,,,,,,,,,,,,
530,,,,,,,,,,,,,
531,,,,,,,,,,,,,
532,,,,,,,,,,,,,
533,,,,,,,,,,,,,
534,,,,,,,,,,,,,
535,,,,,,,,,,,,,
536,,,,,,,,,,,,,
537,,,,,,,,,,,,,
538,,,,,,,,,,,,,
539,,,,,,,,,,,,,
540,,,,,,,,,,,,,
541,,,,,,,,,,,,,
542,,,,,,,,,,,,,
543,,,,,,,,,,,,,
544,,,,,,,,,,,,,
545,,,,,,,,,,,,,
546,,,,,,,,,,,,,
547,,,,,,,,,,,,,
548,,,,,,,,,,,,,
549,,,,,,,,,,,,,
550,,,,,,,,,,,,,
551,,,,,,,,,,,,,
552,,,,,,,,,,,,,
553,,,,,,,,,,,,,
554,,,,,,,,,,,,,
555,,,,,,,,,,,,,
556,,,,,,,,,,,,,
557,,,,,,,,,,,,,
558,,,,,,,,,,,,,
559,,,,,,,,,,,,,
560,,,,,,,,,,,,,
561,,,,,,,,,,,,,
562,,,,,,,,,,,,,
563,,,,,,,,,,,,,
564,,,,,,,,,,,,,
565,,,,,,,,,,,,,
566,,,,,,,,,,,,,
567,,,,,,,,,,,,,
568,,,,,,,,,,,,,
569,,,,,,,,,,,,,
570,,,,,,,,,,,,,
571,,,,,,,,,,,,,
572,,,,,,,,,,,,,
573,,,,,,,,,,,,,
574,,,,,,,,,,,,,
575,,,,,,,,,,,,,
576,,,,,,,,,,,,,
577,,,,,,,,,,,,,
578,,,,,,,,,,,,,
579,,,,,,,,,,,,,
580,,,,,,,,,,,,,
581,,,,,,,,,,,,,
582,,,,,,,,,,,,,
583,,,,,,,,,,,,,
584,,,,,,,,,,,,,
585,,,,,,,,,,,,,
586,,,,,,,,,,,,,
587,,,,,,,,,,,,,
588,,,,,,,,,,,,,
589,,,,,,,,,,,,,
590,,,,,,,,,,,,,
591,,,,,,,,,,,,,
592,,,,,,,,,,,,,
593,,,,,,,,,,,,,
594,,,,,,,,,,,,,
595,,,,,,,,,,,,,
596,,,,,,,,,,,,,
597,,,,,,,,,,,,,
598,,,,,,,,,,,,,
599,,,,,,,,,,,,,
600,,,,,,,,,,,,,
601,,,,,,,,,,,,,
602,,,,,,,,,,,,,
603,,,,,,,,,,,,,
