1,SOPLAGL60019819,SOPLAGL60019819,DPD,ATL - 0001,Null,Onsite,Null,Desktop,Active,Null,Null,Null,Null
2,BGPC000032734,BGPC000032734,DPD,ATL - 0002,Null,Onsite,Null,Desktop,Active,Null,Null,Null,Null
3,SOPLAGL60019861,SOPLAGL60019861,DPD,ATL - 0003,Null,Onsite,Null,Desktop,Active,Null,Null,Null,Null
4,SOPLAGWK035318,SOPLAGWK035318,DPD,ATL - 0004,Null,Onsite,Null,Desktop,Active,Null,Null,Null,Null
5,SOPLAGWK035722,SOPLAGWK035722,DPD,ATL - 0005,Null,Onsite,Null,Desktop,Active,Null,Null,Null,Null
6,SOPLAGWK035254,SOPLAGWK035254,DPD,ATL - 0006,Null,Onsite,Null,Desktop,Active,Null,Null,Null,Null
7,SOPLAGW60019765,SOPLAGW60019765,DPD,ATL - 0007,Null,Onsite,Null,Desktop,Active,Null,Null,Null,Null
8,SOPLAGW60019764,SOPLAGW60019764,DPD,ATL - 0008,Null,Onsite,Null,Desktop,Active,Null,Null,Null,Null
9,VACANT1,VACANT1,VACANT,ATL - 0009,Null,Onsite,Null,Desktop,Active,Null,Null,Null,Null
10,SOPLAGWK036431,SOPLAGWK036431,HINDAWI,ATL - 0010,Null,Onsite,Null,Desktop,Active,Null,Null,Null,Null
11,VACANT2,VACANT2,VACANT,ATL - 0011,Null,Onsite,Null,Desktop,Active,Null,Null,Null,Null
12,SOPLAGWK035441,SOPLAGWK035441,DPD,ATL - 0012,Null,Onsite,Null,Desktop,Active,Null,Null,Null,Null
13,SOPLAGL60020258,SOPLAGL60020258,DPD,ATL - 0013,Null,Onsite,Null,Desktop,Active,Null,Null,Null,Null
14,SOPLAGWK035735,SOPLAGWK035735,DPD,ATL - 0014,Null,Onsite,Null,Desktop,Active,Null,Null,Null,Null
15,SOPLAGW60019758,SOPLAGW60019758,DPD,ATL - 0015,Null,Onsite,Null,Desktop,Active,Null,Null,Null,Null
16,SOPLAGWK035257,SOPLAGWK035257,DPD,ATL - 0016,Null,Onsite,Null,Desktop,Active,Null,Null,Null,Null
17,SOPLAGWK035324,SOPLAGWK035324,DPD,ATL - 0017,Null,Onsite,Null,Desktop,Active,Null,Null,Null,Null
18,SOPLAGW60019760,SOPLAGW60019760,DPD,ATL - 0018,Null,Onsite,Null,Desktop,Active,Null,Null,Null,Null
19,SOPLAGWK035253,SOPLAGWK035253,DPD,ATL - 0019,Null,Onsite,Null,Desktop,Active,Null,Null,Null,Null
20,SOPLAGWK034040,SOPLAGWK034040,HINDAWI,ATL - 0020,Null,Onsite,Null,Desktop,Active,Null,Null,Null,Null
21,SOPLAGWK032707,SOPLAGWK032707,HINDAWI,ATL - 0021,Null,Onsite,Null,Desktop,Active,Null,Null,Null,Null
22,VACANT3,VACANT3,HINDAWI,ATL - 0022,Null,Onsite,Null,Desktop,Active,Null,Null,Null,Null
23,SOPLAGW60021405,SOPLAGW60021405,DPD,ATL - 0023,Null,Onsite,Null,Desktop,Active,Null,Null,Null,Null
24,SOPLAGW60021407,SOPLAGW60021407,DPD,ATL - 0024,Null,Onsite,Null,Desktop,Active,Null,Null,Null,Null
25,SOPLAGW60021406,SOPLAGW60021406,DPD,ATL - 0025,Null,Onsite,Null,Desktop,Active,Null,Null,Null,Null
26,SOPLAGW60021019,SOPLAGW60021019,DPD,ATL - 0026,Null,Onsite,Null,Desktop,Active,Null,Null,Null,Null
27,SOPLAGW60021027,SOPLAGW60021027,DPD,ATL - 0027,Null,Onsite,Null,Desktop,Active,Null,Null,Null,Null
28,SOPLAGW60021011,SOPLAGW60021011,DPD,ATL - 0028,Null,Onsite,Null,Desktop,Active,Null,Null,Null,Null
29,SOPLAGW60021025,SOPLAGW60021025,DPD,ATL - 0029,Null,Onsite,Null,Desktop,Active,Null,Null,Null,Null
30,SOPLAGW60021024,SOPLAGW60021024,DPD,ATL - 0030,Null,Onsite,Null,Desktop,Active,Null,Null,Null,Null
31,VACANT4,VACANT4,HINDAWI,ATL - 0031,Null,Onsite,Null,Desktop,Active,Null,Null,Null,Null
32,SOPLAGWK035399,SOPLAGWK035399,HINDAWI,ATL - 0032,Null,Onsite,Null,Desktop,Active,Null,Null,Null,Null
33,SOPLAGWK033865,SOPLAGWK033865,HINDAWI,ATL - 0033,Null,Onsite,Null,Desktop,Active,Null,Null,Null,Null
34,SOPLAGW60021018,SOPLAGW60021018,DPD,ATL - 0034,Null,Onsite,Null,Desktop,Active,Null,Null,Null,Null
35,SOPLAGW60024065,SOPLAGW60024065,DPD,ATL - 0035,Null,Onsite,Null,Desktop,Active,Null,Null,Null,Null
36,SOPLAGW60024066,SOPLAGW60024066,DPD,ATL - 0036,Null,Onsite,Null,Desktop,Active,Null,Null,Null,Null
37,SOPLAGW60024067,SOPLAGW60024067,DPD,ATL - 0037,Null,Onsite,Null,Desktop,Active,Null,Null,Null,Null
38,SOPLAGW60021017,SOPLAGW60021017,DPD,ATL - 0038,Null,Onsite,Null,Desktop,Active,Null,Null,Null,Null
39,SOPLAGW60021020,SOPLAGW60021020,DPD,ATL - 0039,Null,Onsite,Null,Desktop,Active,Null,Null,Null,Null
40,SOPLAGW60021409,SOPLAGW60021409,DPD,ATL - 0040,Null,Onsite,Null,Desktop,Active,Null,Null,Null,Null
41,SOPLAGW60021016,SOPLAGW60021016,DPD,ATL - 0041,Null,Onsite,Null,Desktop,Active,Null,Null,Null,Null
42,SOPLAGW60019783,SOPLAGW60019783,HINDAWI,ATL - 0042,Null,Onsite,Null,Desktop,Active,Null,Null,Null,Null
43,SOPLAGWK034043,SOPLAGWK034043,HINDAWI,ATL - 0043,Null,Onsite,Null,Desktop,Active,Null,Null,Null,Null
44,SOPLAGWK035325,SOPLAGWK035325,SOPLAGWK035325,ATL - 0044,Null,Onsite,Null,Desktop,Active,Null,Null,Null,Null
45,SOPLAGW60021023,SOPLAGW60021023,DPD,ATL - 0045,Null,Onsite,Null,Desktop,Active,Null,Null,Null,Null
46,SOPLAGWK033731,SOPLAGWK033731,DPD,ATL - 0046,Null,Onsite,Null,Desktop,Active,Null,Null,Null,Null
47,SOPLAGW60021026,SOPLAGW60021026,DPD,ATL - 0047,Null,Onsite,Null,Desktop,Active,Null,Null,Null,Null
48,SOPLAGW60021012,SOPLAGW60021012,DPD,ATL - 0048,Null,Onsite,Null,Desktop,Active,Null,Null,Null,Null
49,SOPLAGW60024075,SOPLAGW60024075,DPD,ATL - 0049,Null,Onsite,Null,Desktop,Active,Null,Null,Null,Null
50,SOPLAGW60021410,SOPLAGW60021410,DPD,ATL - 0050,Null,Onsite,Null,Desktop,Active,Null,Null,Null,Null
51,SOPLAGW60021008,SOPLAGW60021008,DPD,ATL - 0051,Null,Onsite,Null,Desktop,Active,Null,Null,Null,Null
52,SOPLAGWK035332,SOPLAGWK035332,DPD,ATL - 0052,Null,Onsite,Null,Desktop,Active,Null,Null,Null,Null
53,SOPLAGWK035340,SOPLAGWK035340,HINDAWI,ATL - 0053,Null,Onsite,Null,Desktop,Active,Null,Null,Null,Null
54,SOPLAGWK035235,SOPLAGWK035235,HINDAWI,ATL - 0054,Null,Onsite,Null,Desktop,Active,Null,Null,Null,Null
55,Vacant5,Vacant5,HINDAWI,ATL - 0055,Null,Onsite,Null,Desktop,Active,Null,Null,Null,Null
56,SOPLAGW60021029,SOPLAGW60021029,DPD,ATL - 0056,Null,Onsite,Null,Desktop,Active,Null,Null,Null,Null
57,SOPLAGW60024076,SOPLAGW60024076,DPD,ATL - 0057,Null,Onsite,Null,Desktop,Active,Null,Null,Null,Null
58,SOPLAGWK031611,SOPLAGWK031611,DPD,ATL - 0058,Null,Onsite,Null,Desktop,Active,Null,Null,Null,Null
59,SOPLAGW60021028,SOPLAGW60021028,DPD,ATL - 0059,Null,Onsite,Null,Desktop,Active,Null,Null,Null,Null
60,SOPLAGW60021404,SOPLAGW60021404,DPD,ATL - 0060,Null,Onsite,Null,Desktop,Active,Null,Null,Null,Null
61,SOPLAGW60021014,SOPLAGW60021014,DPD,ATL - 0061,Null,Onsite,Null,Desktop,Active,Null,Null,Null,Null
62,SOPLAGW60024077,SOPLAGW60024077,DPD,ATL - 0062,Null,Onsite,Null,Desktop,Active,Null,Null,Null,Null
63,SOPLAGW60024078,SOPLAGW60024078,DPD,ATL - 0063,Null,Onsite,Null,Desktop,Active,Null,Null,Null,Null
64,Vacant6,Vacant6,HINDAWI,ATL - 0064,Null,Onsite,Null,Desktop,Active,Null,Null,Null,Null
65,Vacant7,Vacant7,HINDAWI,ATL - 0065,Null,Onsite,Null,Desktop,Active,Null,Null,Null,Null
66,Vacant8,Vacant8,HINDAWI,ATL - 0066,Null,Onsite,Null,Desktop,Active,Null,Null,Null,Null
67,SOPLAGWK032344,SOPLAGWK032344,DPD,ATL - 0067,Null,Onsite,Null,Desktop,Active,Null,Null,Null,Null
68,SOPLAGW60024069,SOPLAGW60024069,DPD,ATL - 0068,Null,Onsite,Null,Desktop,Active,Null,Null,Null,Null
69,SOPLAGW60024070,SOPLAGW60024070,DPD,ATL - 0069,Null,Onsite,Null,Desktop,Active,Null,Null,Null,Null
70,SOPLAGW60024071,SOPLAGW60024071,DPD,ATL - 0070,Null,Onsite,Null,Desktop,Active,Null,Null,Null,Null
71,SOPLAGW60024072,SOPLAGW60024072,DPD,ATL - 0071,Null,Onsite,Null,Desktop,Active,Null,Null,Null,Null
72,SOPLAGW60024068,SOPLAGW60024068,DPD,ATL - 0072,Null,Onsite,Null,Desktop,Active,Null,Null,Null,Null
73,SOPLAGW60024073,SOPLAGW60024073,DPD,ATL - 0073,Null,Onsite,Null,Desktop,Active,Null,Null,Null,Null
74,SOPLAGW60024074,SOPLAGW60024074,DPD,ATL - 0074,Null,Onsite,Null,Desktop,Active,Null,Null,Null,Null
75,Vacant9,Vacant9,HINDAWI,ATL - 0075,Null,Onsite,Null,Desktop,Active,Null,Null,Null,Null
76,Vacant10,Vacant10,HINDAWI,ATL - 0076,Null,Onsite,Null,Desktop,Active,Null,Null,Null,Null
77,Vacant11,Vacant11,HINDAWI,ATL - 0077,Null,Onsite,Null,Desktop,Active,Null,Null,Null,Null
78,SOPLAGW60021022,SOPLAGW60021022,DPD,ATL - 0078,Null,Onsite,Null,Desktop,Active,Null,Null,Null,Null
79,SOPLAGW60021010,SOPLAGW60021010,DPD,ATL - 0079,Null,Onsite,Null,Desktop,Active,Null,Null,Null,Null
80,SOPLAGW60019762,SOPLAGW60019762,DPD,ATL - 0080,Null,Onsite,Null,Desktop,Active,Null,Null,Null,Null
81,SOPLAGW60019761,SOPLAGW60019761,DPD,ATL - 0081,Null,Onsite,Null,Desktop,Active,Null,Null,Null,Null
82,SOPLAGW60019763,SOPLAGW60019763,DPD,ATL - 0082,Null,Onsite,Null,Desktop,Active,Null,Null,Null,Null
83,SOPLAGWK035262,SOPLAGWK035262,DPD,ATL - 0083,Null,Onsite,Null,Desktop,Active,Null,Null,Null,Null
84,SOPLAGW60021031,SOPLAGW60021031,DPD,ATL - 0084,Null,Onsite,Null,Desktop,Active,Null,Null,Null,Null
85,SOPLAGW60021408,SOPLAGW60021408,DPD,ATL - 0085,Null,Onsite,Null,Desktop,Active,Null,Null,Null,Null
86,Vacant12,Vacant12,HINDAWI,ATL - 0086,Null,Onsite,Null,Desktop,Active,Null,Null,Null,Null
87,Vacant13,Vacant13,HINDAWI,ATL - 0087,Null,Onsite,Null,Desktop,Active,Null,Null,Null,Null
88,Vacant14,Vacant14,HINDAWI,ATL - 0088,Null,Onsite,Null,Desktop,Active,Null,Null,Null,Null
89,Vacant15,Vacant15,DPD,ATL - 0089,Null,Onsite,Null,Desktop,Active,Null,Null,Null,Null
90,Vacant16,Vacant16,DPD,ATL - 0090,Null,Onsite,Null,Desktop,Active,Null,Null,Null,Null
91,Vacant17,Vacant17,DPD,ATL - 0091,Null,Onsite,Null,Desktop,Active,Null,Null,Null,Null
92,Vacant18,Vacant18,DPD,ATL - 0092,Null,Onsite,Null,Desktop,Active,Null,Null,Null,Null
93,Laptop use1,Laptop use1,DPD,ATL - 0093,Null,Onsite,Null,Laptop,Active,Null,Null,Null,Null
94,SOPLAGW60021027,SOPLAGW60021027,DPD,ATL - 0094,Null,Onsite,Null,Desktop,Active,Null,Null,Null,Null
95,Vacant19,Vacant19,HINDAWI,ATL - 0095,Null,Onsite,Null,Desktop,Active,Null,Null,Null,Null
96,Vacant20,Vacant20,HINDAWI,ATL - 0096,Null,Onsite,Null,Desktop,Active,Null,Null,Null,Null
97,Vacant21,Vacant21,HINDAWI,ATL - 0097,Null,Onsite,Null,Desktop,Active,Null,Null,Null,Null
98,Vacant22,Vacant22,HINDAWI,ATL - 0098,Null,Onsite,Null,Desktop,Active,Null,Null,Null,Null
99,Vacant23,Vacant23,HINDAWI,ATL - 0099,Null,Onsite,Null,Desktop,Active,Null,Null,Null,Null
100,SOPLAGWK035900,SOPLAGWK035900,NATGEN,BOS - 0001,Null,Onsite,Null,Desktop,Active,Null,Null,Null,Null
101,SOPLAGWK036085,SOPLAGWK036085,NATGEN,BOS - 0002,Null,Onsite,Null,Desktop,Active,Null,Null,Null,Null
102,SOPLAGW60019747,SOPLAGW60019747,NATGEN,BOS - 0003,Null,Onsite,Null,Desktop,Active,Null,Null,Null,Null
103,SOPLAGW60019732,SOPLAGW60019732,NATGEN,BOS - 0004,Null,Onsite,Null,Desktop,Active,Null,Null,Null,Null
104,SOPLAGWK035571,SOPLAGWK035571,NATGEN,BOS - 0005,Null,Onsite,Null,Desktop,Active,Null,Null,Null,Null
105,SOPLAGWK035863,SOPLAGWK035863,NATGEN,BOS - 0006,Null,Onsite,Null,Desktop,Active,Null,Null,Null,Null
106,SOPLAGWK035862,SOPLAGWK035862,NATGEN,BOS - 0007,Null,Onsite,Null,Desktop,Active,Null,Null,Null,Null
107,SOPLAGWK036097,SOPLAGWK036097,NATGEN,BOS - 0008,Null,Onsite,Null,Desktop,Active,Null,Null,Null,Null
108,SOPLAGWK035575,SOPLAGWK035575,NATGEN,BOS - 0009,Null,Onsite,Null,Desktop,Active,Null,Null,Null,Null
109,SOPLAGWK035912,SOPLAGWK035912,NATGEN,BOS - 0010,Null,Onsite,Null,Desktop,Active,Null,Null,Null,Null
110,SOPLAGWK035919,SOPLAGWK035919,NATGEN,BOS - 0011,Null,Onsite,Null,Desktop,Active,Null,Null,Null,Null
111,SOPLAGWK035545,SOPLAGWK035545,NATGEN,BOS - 0012,Null,Onsite,Null,Desktop,Active,Null,Null,Null,Null
112,SOPLAGWK035553,SOPLAGWK035553,NATGEN,BOS - 0013,Null,Onsite,Null,Desktop,Active,Null,Null,Null,Null
113,SOPLAGWK036084,SOPLAGWK036084,NATGEN,BOS - 0014,Null,Onsite,Null,Desktop,Active,Null,Null,Null,Null
114,SOPLAGWK035565,SOPLAGWK035565,NATGEN,BOS - 0015,Null,Onsite,Null,Desktop,Active,Null,Null,Null,Null
115,SOPLAGW60019726,SOPLAGW60019726,NATGEN,BOS - 0016,Null,Onsite,Null,Desktop,Active,Null,Null,Null,Null
116,SOPLAGWK035566,SOPLAGWK035566,NATGEN,BOS - 0017,Null,Onsite,Null,Desktop,Active,Null,Null,Null,Null
117,SOPLAGWK036090,SOPLAGWK036090,NATGEN,BOS - 0018,Null,Onsite,Null,Desktop,Active,Null,Null,Null,Null
118,SOPLAGW60019719,SOPLAGW60019719,NATGEN,BOS - 0019,Null,Onsite,Null,Desktop,Active,Null,Null,Null,Null
119,SOPLAGWK036091,SOPLAGWK036091,NATGEN,BOS - 0020,Null,Onsite,Null,Desktop,Active,Null,Null,Null,Null
120,SOPLAGWK035344,SOPLAGWK035344,NATGEN,BOS - 0021,Null,Onsite,Null,Desktop,Active,Null,Null,Null,Null
121,SOPLAGWK036102,SOPLAGWK036102,NATGEN,BOS - 0022,Null,Onsite,Null,Desktop,Active,Null,Null,Null,Null
122,SOPLAGWK035924,SOPLAGWK035924,NATGEN,BOS - 0023,Null,Onsite,Null,Desktop,Active,Null,Null,Null,Null
123,SOPLAGWK035578,SOPLAGWK035578,NATGEN,BOS - 0024,Null,Onsite,Null,Desktop,Active,Null,Null,Null,Null
124,SOPLAGWK035576,SOPLAGWK035576,NATGEN,BOS - 0025,Null,Onsite,Null,Desktop,Active,Null,Null,Null,Null
125,SOPLAGWK035561,SOPLAGWK035561,NATGEN,BOS - 0026,Null,Onsite,Null,Desktop,Active,Null,Null,Null,Null
126,SOPLAGWK035562,SOPLAGWK035562,NATGEN,BOS - 0027,Null,Onsite,Null,Desktop,Active,Null,Null,Null,Null
127,SOPLAGWK035895,SOPLAGWK035895,NATGEN,BOS - 0028,Null,Onsite,Null,Desktop,Active,Null,Null,Null,Null
128,SOPLAGW60019730,SOPLAGW60019730,NATGEN,BOS - 0029,Null,Onsite,Null,Desktop,Active,Null,Null,Null,Null
129,SOPLAGWK034805,SOPLAGWK034805,NATGEN,BOS - 0030,Null,Onsite,Null,Desktop,Active,Null,Null,Null,Null
130,SOPLAGW60019717,SOPLAGW60019717,NATGEN,BOS - 0031,Null,Onsite,Null,Desktop,Active,Null,Null,Null,Null
131,SOPLAGWK035346,SOPLAGWK035346,NATGEN,BOS - 0032,Null,Onsite,Null,Desktop,Active,Null,Null,Null,Null
132,SOPLAGWK035887,SOPLAGWK035887,NATGEN,BOS - 0033,Null,Onsite,Null,Desktop,Active,Null,Null,Null,Null
133,SOPLAGW60019722,SOPLAGW60019722,NATGEN,BOS - 0034,Null,Onsite,Null,Desktop,Active,Null,Null,Null,Null
134,SOPLAGWK036106,SOPLAGWK036106,NATGEN,BOS - 0035,Null,Onsite,Null,Desktop,Active,Null,Null,Null,Null
135,SOPLAGWK035904,SOPLAGWK035904,NATGEN,BOS - 0036,Null,Onsite,Null,Desktop,Active,Null,Null,Null,Null
136,SOPLAGWK034814,SOPLAGWK034814,NATGEN,BOS - 0037,Null,Onsite,Null,Desktop,Active,Null,Null,Null,Null
137,SOPLAGWK035574,SOPLAGWK035574,NATGEN,BOS - 0038,Null,Onsite,Null,Desktop,Active,Null,Null,Null,Null
138,SOPLAGWK035551,SOPLAGWK035551,NATGEN,BOS - 0039,Null,Onsite,Null,Desktop,Active,Null,Null,Null,Null
139,SOPLAGWK036104,SOPLAGWK036104,NATGEN,BOS - 0040,Null,Onsite,Null,Desktop,Active,Null,Null,Null,Null
140,SOPLAGWK035564,SOPLAGWK035564,NATGEN,BOS - 0041,Null,Onsite,Null,Desktop,Active,Null,Null,Null,Null
141,SOPLAGWK036100,SOPLAGWK036100,NATGEN,BOS - 0042,Null,Onsite,Null,Desktop,Active,Null,Null,Null,Null
142,SOPLAGWK019734,SOPLAGWK019734,NATGEN,BOS - 0043,Null,Onsite,Null,Desktop,Active,Null,Null,Null,Null
143,SOPLAGW60035861,SOPLAGW60035861,NATGEN,BOS - 0044,Null,Onsite,Null,Desktop,Active,Null,Null,Null,Null
144,SOPLAGWK019714,SOPLAGWK019714,NATGEN,BOS - 0045,Null,Onsite,Null,Desktop,Active,Null,Null,Null,Null
145,SOPLAGWK035860,SOPLAGWK035860,NATGEN,BOS - 0046,Null,Onsite,Null,Desktop,Active,Null,Null,Null,Null
146,SOPLAGWK034811,SOPLAGWK034811,NATGEN,BOS - 0047,Null,Onsite,Null,Desktop,Active,Null,Null,Null,Null
147,SOPLAGWK035865,SOPLAGWK035865,NATGEN,BOS - 0048,Null,Onsite,Null,Desktop,Active,Null,Null,Null,Null
148,Vacant,Vacant,NATGEN,BOS - 0049,Null,Onsite,Null,Desktop,Active,Null,Null,Null,Null
149,SOPLAGWK035568,SOPLAGWK035568,NATGEN,BOS - 0050,Null,Onsite,Null,Desktop,Active,Null,Null,Null,Null
150,SOPLAGWK034818,SOPLAGWK034818,NATGEN,BOS - 0051,Null,Onsite,Null,Desktop,Active,Null,Null,Null,Null
151,Vacant24,Vacant24,NATGEN,BOS - 0052,Null,Onsite,Null,Desktop,Active,Null,Null,Null,Null
152,Vacant25,Vacant25,NATGEN,BOS - 0053,Null,Onsite,Null,Desktop,Active,Null,Null,Null,Null
153,SOPLAGW60019682,SOPLAGW60019682,ECRASH,CHI - 0001,Null,Onsite,Null,Desktop,Active,Null,Null,Null,Null
154,SOPLAGW60019685,SOPLAGW60019685,ECRASH,CHI - 0002,Null,Onsite,Null,Desktop,Active,Null,Null,Null,Null
155,SOPLAGW60019674,SOPLAGW60019674,ECRASH,CHI - 0003,Null,Onsite,Null,Desktop,Active,Null,Null,Null,Null
156,SOPLAGW60019673,SOPLAGW60019673,ECRASH,CHI - 0004,Null,Onsite,Null,Desktop,Active,Null,Null,Null,Null
157,SOPLAGW60019672,SOPLAGW60019672,ECRASH,CHI - 0005,Null,Onsite,Null,Desktop,Active,Null,Null,Null,Null
158,SOPLAGW60019671,SOPLAGW60019671,ECRASH,CHI - 0006,Null,Onsite,Null,Desktop,Active,Null,Null,Null,Null
159,SOPLAGW60019670,SOPLAGW60019670,ECRASH,CHI - 0007,Null,Onsite,Null,Desktop,Active,Null,Null,Null,Null
160,SOPLAGW60019680,SOPLAGW60019680,ECRASH,CHI - 0008,Null,Onsite,Null,Desktop,Active,Null,Null,Null,Null
161,SOPLAGW60019679,SOPLAGW60019679,ECRASH,CHI - 0009,Null,Onsite,Null,Desktop,Active,Null,Null,Null,Null
162,SOPLAGW60019678,SOPLAGW60019678,ECRASH,CHI - 0010,Null,Onsite,Null,Desktop,Active,Null,Null,Null,Null
163,SOPLAGW60019677,SOPLAGW60019677,ECRASH,CHI - 0011,Null,Onsite,Null,Desktop,Active,Null,Null,Null,Null
164,SOPLAGW60019676,SOPLAGW60019676,ECRASH,CHI - 0012,Null,Onsite,Null,Desktop,Active,Null,Null,Null,Null
165,SOPLAGW60019675,SOPLAGW60019675,ECRASH,CHI - 0013,Null,Onsite,Null,Desktop,Active,Null,Null,Null,Null
166,SOPLAGW60019690,SOPLAGW60019690,ECRASH,CHI - 0014,Null,Onsite,Null,Desktop,Active,Null,Null,Null,Null
167,SOPLAGWK032888,SOPLAGWK032888,ECRASH,CHI - 0015,Null,Onsite,Null,Desktop,Active,Null,Null,Null,Null
168,SOPLAGWK032337,SOPLAGWK032337,ECRASH,CHI - 0016,Null,Onsite,Null,Desktop,Active,Null,Null,Null,Null
169,SOPLAGWK032675,SOPLAGWK032675,ECRASH,CHI - 0017,Null,Onsite,Null,Desktop,Active,Null,Null,Null,Null
170,SOPLAGWK033255,SOPLAGWK033255,ECRASH,CHI - 0018,Null,Onsite,Null,Desktop,Active,Null,Null,Null,Null
171,SOPLAGW60019681,SOPLAGW60019681,ECRASH,CHI - 0019,Null,Onsite,Null,Desktop,Active,Null,Null,Null,Null
172,SOPLAGWK032334,SOPLAGWK032334,ECRASH,CHI - 0020,Null,Onsite,Null,Desktop,Active,Null,Null,Null,Null
173,SOPLAGWK032673,SOPLAGWK032673,ECRASH,CHI - 0021,Null,Onsite,Null,Desktop,Active,Null,Null,Null,Null
174,VACANT26,VACANT26,ECRASH,CHI - 0022,Null,Onsite,Null,Desktop,Active,Null,Null,Null,Null
175,SOPLAGW60023139,SOPLAGW60023139,ECRASH,CHI - 0023,Null,Onsite,Null,Desktop,Active,Null,Null,Null,Null
176,SOPLAGW60023138,SOPLAGW60023138,ECRASH,CHI - 0024,Null,Onsite,Null,Desktop,Active,Null,Null,Null,Null
177,SOPLAGW60023137,SOPLAGW60023137,ECRASH,CHI - 0025,Null,Onsite,Null,Desktop,Active,Null,Null,Null,Null
178,SOPLAGW60023136,SOPLAGW60023136,ECRASH,CHI - 0026,Null,Onsite,Null,Desktop,Active,Null,Null,Null,Null
179,SOPLAGW60023135,SOPLAGW60023135,ECRASH,CHI - 0027,Null,Onsite,Null,Desktop,Active,Null,Null,Null,Null
180,SOPLAGW60023134,SOPLAGW60023134,ECRASH,CHI - 0028,Null,Onsite,Null,Desktop,Active,Null,Null,Null,Null
181,SOPLAGW60020695 / SOPLAGW60020696,SOPLAGW60020695 / SOPLAGW60020696,RIAG,CHI - 0029,Null,Onsite,Null,Desktop,Active,Null,Null,Null,Null
182,SOPLAGW60023146,SOPLAGW60023146,RIAG,CHI - 0030,Null,Onsite,Null,Desktop,Active,Null,Null,Null,Null
183,SOPLAGW60023145,SOPLAGW60023145,RIAG,CHI - 0031,Null,Onsite,Null,Desktop,Active,Null,Null,Null,Null
184,SOPLAGW60023144,SOPLAGW60023144,RIAG,CHI - 0032,Null,Onsite,Null,Desktop,Active,Null,Null,Null,Null
185,SOPLAGW60023143,SOPLAGW60023143,RIAG,CHI - 0033,Null,Onsite,Null,Desktop,Active,Null,Null,Null,Null
186,SOPLAGW60023142,SOPLAGW60023142,RIAG,CHI - 0034,Null,Onsite,Null,Desktop,Active,Null,Null,Null,Null
187,SOPLAGW60023141,SOPLAGW60023141,RIAG,CHI - 0035,Null,Onsite,Null,Desktop,Active,Null,Null,Null,Null
188,SOPLAGWK035894,SOPLAGWK035894,,DAL - 0001,Null,Onsite,Null,Desktop,Active,Null,Null,Null,Null
189,SOPLAGWK032738,SOPLAGWK032738,,DAL - 0002,Null,Onsite,Null,Desktop,Active,Null,Null,Null,Null
190,SOPLAGW60019796,SOPLAGW60019796,,DAL - 0003,Null,Onsite,Null,Desktop,Active,Null,Null,Null,Null
191,SOPLAGW60019773,SOPLAGW60019773,,DAL - 0004,Null,Onsite,Null,Desktop,Active,Null,Null,Null,Null
192,SOPLAGW60021730,SOPLAGW60021730,,DAL - 0005,Null,Onsite,Null,Desktop,Active,Null,Null,Null,Null
193,SOPLAGWK032729,SOPLAGWK032729,,DAL - 0006,Null,Onsite,Null,Desktop,Active,Null,Null,Null,Null
194,VACANT27,VACANT27,,DAL - 0007,Null,Onsite,Null,Desktop,Active,Null,Null,Null,Null
195,BGPC000033549P,BGPC000033549P,,DAL - 0008,Null,Onsite,Null,Desktop,Active,Null,Null,Null,Null
196,SOPLAGWK031607,SOPLAGWK031607,,DAL - 0009,Null,Onsite,Null,Desktop,Active,Null,Null,Null,Null
197,SOPLAGWK031607,SOPLAGWK031607,,DAL - 0010,Null,Onsite,Null,Desktop,Active,Null,Null,Null,Null
198,SOPLAGWK033561,SOPLAGWK033561,PLOS,DAL - 0011,Null,Onsite,Null,Desktop,Active,Null,Null,Null,Null
199,SOPLAGWK032344,SOPLAGWK032344,PLOS,DAL - 0012,Null,Onsite,Null,Desktop,Active,Null,Null,Null,Null
200,VACANT28,VACANT28,PLOS,DAL - 0013,Null,Onsite,Null,Desktop,Active,Null,Null,Null,Null
201,VACANT29,VACANT29,PLOS,DAL - 0014,Null,Onsite,Null,Desktop,Active,Null,Null,Null,Null
202,VACANT30,VACANT30,PLOS,DAL - 0015,Null,Onsite,Null,Desktop,Active,Null,Null,Null,Null
203,Laptop use2,Laptop use2,PLOS,DAL - 0016,Null,Onsite,Null,Laptop,Active,Null,Null,Null,Null
204,Laptop use3,Laptop use3,PLOS,DAL - 0017,Null,Onsite,Null,Laptop,Active,Null,Null,Null,Null
205,Laptop use4,Laptop use4,PLOS,DAL - 0018,Null,Onsite,Null,Laptop,Active,Null,Null,Null,Null
206,Laptop use5,Laptop use5,PLOS,DAL - 0019,Null,Onsite,Null,Laptop,Active,Null,Null,Null,Null
207,Laptop use6,Laptop use6,PLOS,DAL - 0020,Null,Onsite,Null,Laptop,Active,Null,Null,Null,Null
208,Laptop use7,Laptop use7,PLOS,DAL - 0021,Null,Onsite,Null,Laptop,Active,Null,Null,Null,Null
209,Laptop use8,Laptop use8,PLOS,DAL - 0022,Null,Onsite,Null,Laptop,Active,Null,Null,Null,Null
210,Laptop use9,Laptop use9,PLOS,DAL - 0023,Null,Onsite,Null,Laptop,Active,Null,Null,Null,Null
211,Laptop use10,Laptop use10,PLOS,DAL - 0024,Null,Onsite,Null,Laptop,Active,Null,Null,Null,Null
212,SOPLAGWK032815,SOPLAGWK032815,PLOS,DAL - 0025,Null,Onsite,Null,Desktop,Active,Null,Null,Null,Null
213,VACANT28,VACANT28,Null,DAL - 0026,Null,Onsite,Null,Desktop,Active,Null,Null,Null,Null
214,VACANT29,VACANT29,Null,DAL - 0027,Null,Onsite,Null,Desktop,Active,Null,Null,Null,Null
215,VACANT30,VACANT30,Null,DAL - 0028,Null,Onsite,Null,Desktop,Active,Null,Null,Null,Null
216,VACANT31,VACANT31,Null,DAL - 0029,Null,Onsite,Null,Desktop,Active,Null,Null,Null,Null
217,VACANT32,VACANT32,Null,DAL - 0030,Null,Onsite,Null,Desktop,Active,Null,Null,Null,Null
218,VACANT33,VACANT33,Null,DAL - 0031,Null,Onsite,Null,Desktop,Active,Null,Null,Null,Null
219,SOPLAGWK032847,SOPLAGWK032847,Null,DAL - 0032,Null,Onsite,Null,Desktop,Active,Null,Null,Null,Null
220,SOPLAGWK032850,SOPLAGWK032850,Null,DAL - 0033,Null,Onsite,Null,Desktop,Active,Null,Null,Null,Null
221,SOPLAGWK032819,SOPLAGWK032819,Null,DAL - 0034,Null,Onsite,Null,Desktop,Active,Null,Null,Null,Null
222,SOPLAGW60019797,SOPLAGW60019797,Null,DAL - 0035,Null,Onsite,Null,Desktop,Active,Null,Null,Null,Null
223,SOPLAGWK035395,SOPLAGWK035395,AAAS,DEN - 0001,Null,Onsite,Null,Desktop,Active,Null,Null,Null,Null
224,SOPLAGWK035245,SOPLAGWK035245,AAAS,DEN - 0002,Null,Onsite,Null,Desktop,Active,Null,Null,Null,Null
225,SOPLAGWK035227,SOPLAGWK035227,AAAS,DEN - 0003,Null,Onsite,Null,Desktop,Active,Null,Null,Null,Null
226,SOPLAGWK035246,SOPLAGWK035246,AAAS,DEN - 0004,Null,Onsite,Null,Desktop,Active,Null,Null,Null,Null
227,SOPLAGWK035238,SOPLAGWK035238,AAAS,DEN - 0005,Null,Onsite,Null,Desktop,Active,Null,Null,Null,Null
228,SOPLAGWK035252,SOPLAGWK035252,AAAS,DEN - 0006,Null,Onsite,Null,Desktop,Active,Null,Null,Null,Null
229,Vacant34,Vacant34,ELSEVIER,DEN - 0007,Null,Onsite,Null,Desktop,Active,Null,Null,Null,Null
230,Vacant35,Vacant35,ELSEVIER,DEN - 0008,Null,Onsite,Null,Desktop,Active,Null,Null,Null,Null
231,Vacant36,Vacant36,ELSEVIER,DEN - 0009,Null,Onsite,Null,Desktop,Active,Null,Null,Null,Null
232,Vacant37,Vacant37,ELSEVIER,DEN - 0010,Null,Onsite,Null,Desktop,Active,Null,Null,Null,Null
233,Vacant38,Vacant38,ELSEVIER,DEN - 0011,Null,Onsite,Null,Desktop,Active,Null,Null,Null,Null
234,Vacant39,Vacant39 ,ELSEVIER,DEN - 0012,Null,Onsite,Null,Desktop,Active,Null,Null,Null,Null
235,SOPLAGWK036161,SOPLAGWK036161,ELSEVIER,DEN - 0013,Null,Onsite,Null,Desktop,Active,Null,Null,Null,Null
236,SOPLAGWK036159,SOPLAGWK036159,ELSEVIER,DEN - 0014,Null,Onsite,Null,Desktop,Active,Null,Null,Null,Null
237,SOPLAGWK032733,SOPLAGWK032733,ELSEVIER,DEN - 0015,Null,Onsite,Null,Desktop,Active,Null,Null,Null,Null
238,Vacant40,Vacant40,ELSEVIER,DEN - 0016,Null,Onsite,Null,Desktop,Active,Null,Null,Null,Null
239,SOPLAGWK035240,SOPLAGWK035240,ELSEVIER,DEN - 0017,Null,Onsite,Null,Desktop,Active,Null,Null,Null,Null
240,Vacant41,Vacant41,ELSEVIER,DEN - 0018,Null,Onsite,Null,Desktop,Active,Null,Null,Null,Null
241,Vacant42,Vacant42,ELSEVIER,DEN - 0019,Null,Onsite,Null,Desktop,Active,Null,Null,Null,Null
242,Vacant43,Vacant43,ELSEVIER,DEN - 0020,Null,Onsite,Null,Desktop,Active,Null,Null,Null,Null
243,SOPLAGW60020432,SOPLAGW60020432,ELSEVIER,DEN - 0021,Null,Onsite,Null,Desktop,Active,Null,Null,Null,Null
244,SOPLAGWK033275,SOPLAGWK033275,ELSEVIER,DEN - 0022,Null,Onsite,Null,Desktop,Active,Null,Null,Null,Null
245,SOPLAGWK036164,SOPLAGWK036164,ELSEVIER,DEN - 0023,Null,Onsite,Null,Desktop,Active,Null,Null,Null,Null
246,SOPLAGWK036427,SOPLAGWK036427,ELSEVIER,DEN - 0024,Null,Onsite,Null,Desktop,Active,Null,Null,Null,Null
247,SOPLAGWK036162,SOPLAGWK036162,ELSEVIER,DEN - 0025,Null,Onsite,Null,Desktop,Active,Null,Null,Null,Null
248,SOPLAGWK036167,SOPLAGWK036167,ELSEVIER,DEN - 0026,Null,Onsite,Null,Desktop,Active,Null,Null,Null,Null
249,SOPLAGWK036430,SOPLAGWK036430,ELSEVIER,DEN - 0027,Null,Onsite,Null,Desktop,Active,Null,Null,Null,Null
250,SOPLAGWK036166,SOPLAGWK036166,ELSEVIER,DEN - 0028,Null,Onsite,Null,Desktop,Active,Null,Null,Null,Null
251,SOPLAGWK036158,SOPLAGWK036158,ELSEVIER,DEN - 0029,Null,Onsite,Null,Desktop,Active,Null,Null,Null,Null
252,SOPLAGW60019709,SOPLAGW60019709,ELSEVIER,DEN - 0030,Null,Onsite,Null,Desktop,Active,Null,Null,Null,Null
253,SOPLAGWK036429,SOPLAGWK036429,ELSEVIER,DEN - 0031,Null,Onsite,Null,Desktop,Active,Null,Null,Null,Null
254,SOPLAGWK036428,SOPLAGWK036428,ELSEVIER,DEN - 0032,Null,Onsite,Null,Desktop,Active,Null,Null,Null,Null
255,SOPLAGW60020431,SOPLAGW60020431,ELSEVIER,DEN - 0033,Null,Onsite,Null,Desktop,Active,Null,Null,Null,Null
256,SOPLAGWK032740,SOPLAGWK032740,ELSEVIER,DEN - 0034,Null,Onsite,Null,Desktop,Active,Null,Null,Null,Null
257,SOPLAGW60019767,SOPLAGW60019767,ELSEVIER,DEN - 0035,Null,Onsite,Null,Desktop,Active,Null,Null,Null,Null
258,SOPLAGWK033388,SOPLAGWK033388,ELSEVIER,DEN - 0036,Null,Onsite,Null,Desktop,Active,Null,Null,Null,Null
259,SOPLAGW60021427,SOPLAGW60021427,ELSEVIER,DEN - 0037,Null,Onsite,Null,Desktop,Active,Null,Null,Null,Null
260,SOPLAGW60021425,SOPLAGW60021425,ELSEVIER,DEN - 0038,Null,Onsite,Null,Desktop,Active,Null,Null,Null,Null
261,SOPLAGWK036424,SOPLAGWK036424,ELSEVIER,DEN - 0039,Null,Onsite,Null,Desktop,Active,Null,Null,Null,Null
262,SOPLAGW60021426,SOPLAGW60021426,ELSEVIER,DEN - 0040,Null,Onsite,Null,Desktop,Active,Null,Null,Null,Null
263,SOPLAGW60021421,SOPLAGW60021421,ELSEVIER,DEN - 0041,Null,Onsite,Null,Desktop,Active,Null,Null,Null,Null
264,SOPLAGW60021418,SOPLAGW60021418,ELSEVIER,DEN - 0042,Null,Onsite,Null,Desktop,Active,Null,Null,Null,Null
265,VACANT44,VACANT44,MHE,GSW - 0001,Null,Onsite,Null,Desktop,Active,Null,Null,Null,Null
266,VACANT45,VACANT45,MHE,GSW - 0002,Null,Onsite,Null,Desktop,Active,Null,Null,Null,Null
267,SOPLAGWK035232,SOPLAGWK035232,MHE,GSW - 0003,Null,Onsite,Null,Desktop,Active,Null,Null,Null,Null
268,SOPLAGWK035228,SOPLAGWK035228,MHE,GSW - 0004,Null,Onsite,Null,Desktop,Active,Null,Null,Null,Null
269,VACANT46,VACANT46,MHE,GSW - 0005,Null,Onsite,Null,Desktop,Active,Null,Null,Null,Null
270,VACANT47,VACANT47,MHE,GSW - 0006,Null,Onsite,Null,Desktop,Active,Null,Null,Null,Null
271,VACANT48,VACANT48,MHE,GSW - 0007,Null,Onsite,Null,Desktop,Active,Null,Null,Null,Null
272,SOPLAGWK035801,SOPLAGWK035801,MHE,GSW - 0008,Null,Onsite,Null,Desktop,Active,Null,Null,Null,Null
273,SOPLAGWK035802,SOPLAGWK035802,MHE,GSW - 0009,Null,Onsite,Null,Desktop,Active,Null,Null,Null,Null
274,SOPLAGWK035800,SOPLAGWK035800,MHE,GSW - 0010,Null,Onsite,Null,Desktop,Active,Null,Null,Null,Null
275,SOPLAGWK034989,SOPLAGWK034989,MHE,GSW - 0011,Null,Onsite,Null,Desktop,Active,Null,Null,Null,Null
276,SOPLAGWK035796,SOPLAGWK035796,MHE,GSW - 0012,Null,Onsite,Null,Desktop,Active,Null,Null,Null,Null
277,Vacant49,Vacant49,MHE,GSW - 0013,Null,Onsite,Null,Desktop,Active,Null,Null,Null,Null
278,SOPLAGWK036890,SOPLAGWK036890,MHE,GSW - 0014,Null,Onsite,Null,Desktop,Active,Null,Null,Null,Null
279,SOPLAGWK033750,SOPLAGWK033750,MHE,GSW - 0015,Null,Onsite,Null,Desktop,Active,Null,Null,Null,Null
280,Vacant50,Vacant50,MHE,GSW - 0016,Null,Onsite,Null,Desktop,Active,Null,Null,Null,Null
281,Vacant51,Vacant51,MHE,GSW - 0017,Null,Onsite,Null,Desktop,Active,Null,Null,Null,Null
282,SOPLAGWK035276,SOPLAGWK035276,MHE,GSW - 0018,Null,Onsite,Null,Desktop,Active,Null,Null,Null,Null
283,Vacant52,Vacant52,MHE,GSW - 0019,Null,Onsite,Null,Desktop,Active,Null,Null,Null,Null
284,SOPLAGWK035272,SOPLAGWK035272,MHE,GSW - 0020,Null,Onsite,Null,Desktop,Active,Null,Null,Null,Null
285,Vacant53,Vacant53,MHE,GSW - 0021,Null,Onsite,Null,Desktop,Active,Null,Null,Null,Null
286,SOPLAGWK035008,SOPLAGWK035008,MHE,GSW - 0022,Null,Onsite,Null,Desktop,Active,Null,Null,Null,Null
287,SOPLAGWK035798,SOPLAGWK035798,MHE,GSW - 0023,Null,Onsite,Null,Desktop,Active,Null,Null,Null,Null
288,SOPLAGWK033758,SOPLAGWK033758,MHE,GSW - 0024,Null,Onsite,Null,Desktop,Active,Null,Null,Null,Null
289,SOPLAGWK033794,SOPLAGWK033794,MHE,GSW - 0025,Null,Onsite,Null,Desktop,Active,Null,Null,Null,Null
290,Vacant54,Vacant54,MHE,GSW - 0026,Null,Onsite,Null,Desktop,Active,Null,Null,Null,Null
291,SOPLAGWK035002,SOPLAGWK035002,MHE,GSW - 0027,Null,Onsite,Null,Desktop,Active,Null,Null,Null,Null
292,Vacant55,Vacant55,MHE,GSW - 0028,Null,Onsite,Null,Desktop,Active,Null,Null,Null,Null
293,Vacant56,Vacant56,MHE,GSW - 0029,Null,Onsite,Null,Desktop,Active,Null,Null,Null,Null
294,Vacant57,Vacant57,MHE,GSW - 0030,Null,Onsite,Null,Desktop,Active,Null,Null,Null,Null
295,Vacant58,Vacant58,MHE,GSW - 0031,Null,Onsite,Null,Desktop,Active,Null,Null,Null,Null
296,SOPLAGWK034816,SOPLAGWK034816,NATGEN,IND - 0001,Null,Onsite,Null,Desktop,Active,Null,Null,Null,Null
297,SOPLAGWK034816,SOPLAGWK034816,NATGEN,IND - 0002,Null,Onsite,Null,Desktop,Active,Null,Null,Null,Null
298,SOPLAGWK034824,SOPLAGWK034824,NATGEN,IND - 0003,Null,Onsite,Null,Desktop,Active,Null,Null,Null,Null
299,SOPLAGWK035560,SOPLAGWK035560,NATGEN,IND - 0004,Null,Onsite,Null,Desktop,Active,Null,Null,Null,Null
300,SOPLAGWK035903,SOPLAGWK035903,NATGEN,IND - 0005,Null,Onsite,Null,Desktop,Active,Null,Null,Null,Null
301,SOPLAGWK035859,SOPLAGWK035859,NATGEN,IND - 0006,Null,Onsite,Null,Desktop,Active,Null,Null,Null,Null
302,SOPLAGWK036101,SOPLAGWK036101,NATGEN,IND - 0007,Null,Onsite,Null,Desktop,Active,Null,Null,Null,Null
303,SOPLAGWK034807,SOPLAGWK034807,NATGEN,IND - 0008,Null,Onsite,Null,Desktop,Active,Null,Null,Null,Null
304,SOPLAGWK035923,SOPLAGWK035923,NATGEN,IND - 0009,Null,Onsite,Null,Desktop,Active,Null,Null,Null,Null
305,SOPLAGWK036089,SOPLAGWK036089,NATGEN,IND - 0010,Null,Onsite,Null,Desktop,Active,Null,Null,Null,Null
306,SOPLAGW60019728,SOPLAGW60019728,NATGEN,IND - 0011,Null,Onsite,Null,Desktop,Active,Null,Null,Null,Null
307,SOPLAGWK035549,SOPLAGWK035549,NATGEN,IND - 0012,Null,Onsite,Null,Desktop,Active,Null,Null,Null,Null
308,SOPLAGWK035554,SOPLAGWK035554,NATGEN,IND - 0013,Null,Onsite,Null,Desktop,Active,Null,Null,Null,Null
309,SOPLAGW60019727,SOPLAGW60019727,NATGEN,IND - 0014,Null,Onsite,Null,Desktop,Active,Null,Null,Null,Null
310,SOPLAGW60019716,SOPLAGW60019716,NATGEN,IND - 0015,Null,Onsite,Null,Desktop,Active,Null,Null,Null,Null
311,SOPLAGWK035548,SOPLAGWK035548,NATGEN,IND - 0016,Null,Onsite,Null,Desktop,Active,Null,Null,Null,Null
312,SOPLAGWK036082,SOPLAGWK036082,NATGEN,IND - 0017,Null,Onsite,Null,Desktop,Active,Null,Null,Null,Null
313,SOPLAGW60019725,SOPLAGW60019725,NATGEN,IND - 0018,Null,Onsite,Null,Desktop,Active,Null,Null,Null,Null
314,SOPLAGWK036094,SOPLAGWK036094,NATGEN,IND - 0019,Null,Onsite,Null,Desktop,Active,Null,Null,Null,Null
315,SOPLAGW60019729,SOPLAGW60019729,NATGEN,IND - 0020,Null,Onsite,Null,Desktop,Active,Null,Null,Null,Null
316,SOPLAGWK035898,SOPLAGWK035898,NATGEN,IND - 0021,Null,Onsite,Null,Desktop,Active,Null,Null,Null,Null
317,SOPLAGW60019723,SOPLAGW60019723,NATGEN,IND - 0022,Null,Onsite,Null,Desktop,Active,Null,Null,Null,Null
318,SOPLAGWK036087,SOPLAGWK036087,NATGEN,IND - 0023,Null,Onsite,Null,Desktop,Active,Null,Null,Null,Null
319,SOPLAGWK035914,SOPLAGWK035914,NATGEN,IND - 0024,Null,Onsite,Null,Desktop,Active,Null,Null,Null,Null
320,SOPLAGW60019720,SOPLAGW60019720,NATGEN,IND - 0025,Null,Onsite,Null,Desktop,Active,Null,Null,Null,Null
321,SOPLAGWK035913,SOPLAGWK035913,NATGEN,IND - 0026,Null,Onsite,Null,Desktop,Active,Null,Null,Null,Null
322,SOPLAGWK035892,SOPLAGWK035892,NATGEN,IND - 0027,Null,Onsite,Null,Desktop,Active,Null,Null,Null,Null
323,SOPLAGWK034813,SOPLAGWK034813,NATGEN,IND - 0028,Null,Onsite,Null,Desktop,Active,Null,Null,Null,Null
324,SOPLAGW60019744,SOPLAGW60019744,NATGEN,IND - 0029,Null,Onsite,Null,Desktop,Active,Null,Null,Null,Null
325,SOPLAGWK019724,SOPLAGWK019724,NATGEN,IND - 0030,Null,Onsite,Null,Desktop,Active,Null,Null,Null,Null
326,SOPLAGWK035920,SOPLAGWK035920,NATGEN,IND - 0031,Null,Onsite,Null,Desktop,Active,Null,Null,Null,Null
327,SOPLAGWK019735,SOPLAGWK019735,NATGEN,IND - 0032,Null,Onsite,Null,Desktop,Active,Null,Null,Null,Null
328,SOPLAGW60035897,SOPLAGW60035897,NATGEN,IND - 0033,Null,Onsite,Null,Desktop,Active,Null,Null,Null,Null
329,SOPLAGWK034825,SOPLAGWK034825,NATGEN,IND - 0034,Null,Onsite,Null,Desktop,Active,Null,Null,Null,Null
330,SOPLAGW60019721,SOPLAGW60019721,NATGEN,IND - 0035,Null,Onsite,Null,Desktop,Active,Null,Null,Null,Null
331,SOPLAGW60019736,SOPLAGW60019736,NATGEN,IND - 0036,Null,Onsite,Null,Desktop,Active,Null,Null,Null,Null
332,SOPLAGWK034814,SOPLAGWK034814,NATGEN,IND - 0037,Null,Onsite,Null,Desktop,Active,Null,Null,Null,Null
333,BGPC000032716,BGPC000032716,POSTNL,LAL - 0001,Null,Onsite,Null,Desktop,Active,Null,Null,Null,Null
334,SOPLAGWK032347,SOPLAGWK032347,POSTNL,LAL - 0002,Null,Onsite,Null,Desktop,Active,Null,Null,Null,Null
335,SOPLAGW60019772,SOPLAGW60019772,POSTNL,LAL - 0003,Null,Onsite,Null,Desktop,Active,Null,Null,Null,Null
336,SOPLAGW60019794,SOPLAGW60019794,POSTNL,LAL - 0004,Null,Onsite,Null,Desktop,Active,Null,Null,Null,Null
337,SOPLAGW60019793,SOPLAGW60019793,POSTNL,LAL - 0005,Null,Onsite,Null,Desktop,Active,Null,Null,Null,Null
338,SOPLAGW60019776,SOPLAGW60019776,POSTNL,LAL - 0006,Null,Onsite,Null,Desktop,Active,Null,Null,Null,Null
339,SOPLAGW60019783,SOPLAGW60019783,POSTNL,LAL - 0007,Null,Onsite,Null,Desktop,Active,Null,Null,Null,Null
340,SOPLAGW60019790,SOPLAGW60019790,POSTNL,LAL - 0008,Null,Onsite,Null,Desktop,Active,Null,Null,Null,Null
341,SOPLAGW60019782,SOPLAGW60019782,POSTNL,LAL - 0009,Null,Onsite,Null,Desktop,Active,Null,Null,Null,Null
342,SOPLAGW60021731,SOPLAGW60021731,POSTNL,LAL - 0010,Null,Onsite,Null,Desktop,Active,Null,Null,Null,Null
343,SOPLAGW60021732,SOPLAGW60021732,POSTNL,LAL - 0011,Null,Onsite,Null,Desktop,Active,Null,Null,Null,Null
344,SOPLAGW60019778,SOPLAGW60019778,POSTNL,LAL - 0012,Null,Onsite,Null,Desktop,Active,Null,Null,Null,Null
345,SOPLAGW60019775,SOPLAGW60019775,POSTNL,LAL - 0013,Null,Onsite,Null,Desktop,Active,Null,Null,Null,Null
346,SOPLAGW60019795,SOPLAGW60019795,POSTNL,LAL - 0014,Null,Onsite,Null,Desktop,Active,Null,Null,Null,Null
347,SOPLAGW60019791,SOPLAGW60019791,POSTNL,LAL - 0015,Null,Onsite,Null,Desktop,Active,Null,Null,Null,Null
348,SOPLAGW60021734,SOPLAGW60021734,POSTNL,LAL - 0016,Null,Onsite,Null,Desktop,Active,Null,Null,Null,Null
349,SOPLAGWK035729,SOPLAGWK035729,POSTNL,LAL - 0017,Null,Onsite,Null,Desktop,Active,Null,Null,Null,Null
350,SOPLAGW60019792,SOPLAGW60019792,POSTNL,LAL - 0018,Null,Onsite,Null,Desktop,Active,Null,Null,Null,Null
351,SOPLAGW60021733,SOPLAGW60021733,POSTNL,LAL - 0019,Null,Onsite,Null,Desktop,Active,Null,Null,Null,Null
352,SOPLAGW60021735,SOPLAGW60021735,POSTNL,LAL - 0020,Null,Onsite,Null,Desktop,Active,Null,Null,Null,Null
353,SOPLAGWK035563,SOPLAGWK035563,POSTNL,LAL - 0021,Null,Onsite,Null,Desktop,Active,Null,Null,Null,Null
354,SOPLAGW60019785,SOPLAGW60019785,POSTNL,LAL - 0022,Null,Onsite,Null,Desktop,Active,Null,Null,Null,Null
355,SOPLAGW60019786,SOPLAGW60019786,POSTNL,LAL - 0023,Null,Onsite,Null,Desktop,Active,Null,Null,Null,Null
356,SOPLAGW60019784,SOPLAGW60019784,POSTNL,LAL - 0024,Null,Onsite,Null,Desktop,Active,Null,Null,Null,Null
357,SOPLAGWK035256,SOPLAGWK035256,POSTNL,LAL - 0025,Null,Onsite,Null,Desktop,Active,Null,Null,Null,Null
358,SOPLAGW60019787,SOPLAGW60019787,POSTNL,LAL - 0026,Null,Onsite,Null,Desktop,Active,Null,Null,Null,Null
359,SOPLAGW60019777,SOPLAGW60019777,POSTNL,LAL - 0027,Null,Onsite,Null,Desktop,Active,Null,Null,Null,Null
360,SOPLAGWK033173,SOPLAGWK033173,RMG,LAL - 0028,Null,Onsite,Null,Desktop,Active,Null,Null,Null,Null
361,SOPLAGWK035737,SOPLAGWK035737,RMG,LAL - 0029,Null,Onsite,Null,Desktop,Active,Null,Null,Null,Null
362,SOPLAGWK035728,SOPLAGWK035728,RMG,LAL - 0030,Null,Onsite,Null,Desktop,Active,Null,Null,Null,Null
363,SOPLAGWK035392,SOPLAGWK035392,RMG,LAL - 0031,Null,Onsite,Null,Desktop,Active,Null,Null,Null,Null
364,SOPLAGWK035738,SOPLAGWK035738,RMG,LAL - 0032,Null,Onsite,Null,Desktop,Active,Null,Null,Null,Null
365,SOPLAGWK035398,SOPLAGWK035398,RMG,LAL - 0033,Null,Onsite,Null,Desktop,Active,Null,Null,Null,Null
366,BGPC000035726,BGPC000035726,RMG,LAL - 0034,Null,Onsite,Null,Desktop,Active,Null,Null,Null,Null
367,SOPLAGW60021390,SOPLAGW60021390,XCAGO,LAL - 0035,Null,Onsite,Null,Desktop,Active,Null,Null,Null,Null
368,SOPLAGW60021391,SOPLAGW60021391,XCAGO,LAL - 0036,Null,Onsite,Null,Desktop,Active,Null,Null,Null,Null
369,SOPLAGW60022969,SOPLAGW60022969,RMG,LAL - 0037,Null,Onsite,Null,Desktop,Active,Null,Null,Null,Null
370,SOPLAGWK035233,SOPLAGWK035233,RMG,LAL - 0038,Null,Onsite,Null,Desktop,Active,Null,Null,Null,Null
371,SOPLAGW60022976,SOPLAGW60022976,RMG,LAL - 0039,Null,Onsite,Null,Desktop,Active,Null,Null,Null,Null
372,SOPLAGW60022971,SOPLAGW60022971,RMG,LAL - 0040,Null,Onsite,Null,Desktop,Active,Null,Null,Null,Null
373,SOPLAGW60022970,SOPLAGW60022970,RMG,LAL - 0041,Null,Onsite,Null,Desktop,Active,Null,Null,Null,Null
374,SOPLAGW60022972,SOPLAGW60022972,RMG,LAL - 0042,Null,Onsite,Null,Desktop,Active,Null,Null,Null,Null
375,SOPLAGW60022973,SOPLAGW60022973,RMG,LAL - 0043,Null,Onsite,Null,Desktop,Active,Null,Null,Null,Null
376,SOPLAGW60022975,SOPLAGW60022975,XCAGO,LAL - 0044,Null,Onsite,Null,Desktop,Active,Null,Null,Null,Null
377,SOPLAGW60022974,SOPLAGW60022974,XCAGO,LAL - 0045,Null,Onsite,Null,Desktop,Active,Null,Null,Null,Null
378,SOPLAGW60021415,SOPLAGW60021415,STM,LAL - 0046,Null,Onsite,Null,Desktop,Active,Null,Null,Null,Null
379,SOPLAGWK032742,SOPLAGWK032742,STM,LAL - 0047,Null,Onsite,Null,Desktop,Active,Null,Null,Null,Null
380,SOPLAGWK022855,SOPLAGWK022855,STM,LAL - 0048,Null,Onsite,Null,Desktop,Active,Null,Null,Null,Null
381,SOPLAGWK032722,SOPLAGWK032722,STM,LAL - 0049,Null,Onsite,Null,Desktop,Active,Null,Null,Null,Null
382,SOPLAGW60021414,SOPLAGW60021414,STM,LAL - 0050,Null,Onsite,Null,Desktop,Active,Null,Null,Null,Null
383,BGPC000033552P,BGPC000033552P,STM,LAL - 0051,Null,Onsite,Null,Desktop,Active,Null,Null,Null,Null
384,VACANT59,VACANT59,Null,LAL - 0052,Null,Onsite,Null,Desktop,Active,Null,Null,Null,Null
385,VACANT60,VACANT60,Null,LAL - 0053,Null,Onsite,Null,Desktop,Active,Null,Null,Null,Null
386,VACANT61,VACANT61,Null,LAL - 0054,Null,Onsite,Null,Desktop,Active,Null,Null,Null,Null
387,SOPLAGW60021398,SOPLAGW60021398,DPD,LAL - 0055,Null,Onsite,Null,Desktop,Active,Null,Null,Null,Null
388,SOPLAGW60021399,SOPLAGW60021399,DPD,LAL - 0056,Null,Onsite,Null,Desktop,Active,Null,Null,Null,Null
389,SOPLAGW60021400,SOPLAGW60021400,ASENDIA,LAL - 0057,Null,Onsite,Null,Desktop,Active,Null,Null,Null,Null
390,SOPLAGW60021401,SOPLAGW60021401,ASENDIA,LAL - 0058,Null,Onsite,Null,Desktop,Active,Null,Null,Null,Null
391,SOPLAGW60021402,SOPLAGW60021402,ASENDIA,LAL - 0059,Null,Onsite,Null,Desktop,Active,Null,Null,Null,Null
392,SOPLAGW60021403,SOPLAGW60021403,ASENDIA,LAL - 0060,Null,Onsite,Null,Desktop,Active,Null,Null,Null,Null
393,SOPLAGW60019757,SOPLAGW60019757,ASENDIA,LAL - 0061,Null,Onsite,Null,Desktop,Active,Null,Null,Null,Null
394,SOPLAGW60019756,SOPLAGW60019756,ASENDIA,LAL - 0062,Null,Onsite,Null,Desktop,Active,Null,Null,Null,Null
395,VACANT62,VACANT62,Null,LAL - 0063,Null,Onsite,Null,Desktop,Active,Null,Null,Null,Null
396,SOPLAGWK032839 / SOPLAGWK035241,SOPLAGWK032839 / SOPLAGWK035241,RIAG,MIA - 0001,Null,Onsite,Null,Desktop,Active,Null,Null,Null,Null
397,BGPC000032840P / SOPLAGWK034137,BGPC000032840P / SOPLAGWK034137,RIAG,MIA - 0002,Null,Onsite,Null,Desktop,Active,Null,Null,Null,Null
398,BGPC000032841P / SOPLAGW60020647,BGPC000032841P / SOPLAGW60020647,RIAG,MIA - 0003,Null,Onsite,Null,Desktop,Active,Null,Null,Null,Null
399,BGPC000032842P,BGPC000032842P,RIAG,MIA - 0004,Null,Onsite,Null,Desktop,Active,Null,Null,Null,Null
400,SOPLAGW60020687 / SOPLAGWK035394,SOPLAGW60020687 / SOPLAGWK035394,RIAG,MIA - 0005,Null,Onsite,Null,Desktop,Active,Null,Null,Null,Null
401,BGPC000032844P /,BGPC000032844P /,RIAG,MIA - 0006,Null,Onsite,Null,Desktop,Active,Null,Null,Null,Null
402,SOPLAGW60020898 / SOPLAGW60019745,SOPLAGW60020898 / SOPLAGW60019745,RIAG,MIA - 0007,Null,Onsite,Null,Desktop,Active,Null,Null,Null,Null
403,SOPLAGW60020689,SOPLAGW60020689,RIAG,MIA - 0008,Null,Onsite,Null,Desktop,Active,Null,Null,Null,Null
404,SOPLAGW60020691,SOPLAGW60020691,RIAG,MIA - 0009,Null,Onsite,Null,Desktop,Active,Null,Null,Null,Null
405,SOPLAGW60020900,SOPLAGW60020900,RIAG,MIA - 0010,Null,Onsite,Null,Desktop,Active,Null,Null,Null,Null
406,BGPC000032833P,BGPC000032833P,RIAG,MIA - 0011,Null,Onsite,Null,Desktop,Active,Null,Null,Null,Null
407,SOPLAGWK035906,SOPLAGWK035906,RIAG,MIA - 0012,Null,Onsite,Null,Desktop,Active,Null,Null,Null,Null
408,BGPC000032838P,BGPC000032838P,RIAG,MIA - 0013,Null,Onsite,Null,Desktop,Active,Null,Null,Null,Null
409,BGPC000032836P,BGPC000032836P,RIAG,MIA - 0014,Null,Onsite,Null,Desktop,Active,Null,Null,Null,Null
410,BGPC000032837P,BGPC000032837P,RIAG,MIA - 0015,Null,Onsite,Null,Desktop,Active,Null,Null,Null,Null
411,BGPC000032834P,BGPC000032834P,RIAG,MIA - 0016,Null,Onsite,Null,Desktop,Active,Null,Null,Null,Null
412,SOPLAGW60020694,SOPLAGW60020694,RIAG,MIA - 0017,Null,Onsite,Null,Desktop,Active,Null,Null,Null,Null
413,BGPC000032823P,BGPC000032823P,RIAG,MIA - 0018,Null,Onsite,Null,Desktop,Active,Null,Null,Null,Null
414,SOPLAGWK035381,SOPLAGWK035381,RIAG,MIA - 0019,Null,Onsite,Null,Desktop,Active,Null,Null,Null,Null
415,BGPC000032826P,BGPC000032826P,RIAG,MIA - 0020,Null,Onsite,Null,Desktop,Active,Null,Null,Null,Null
416,BGPC000032827P,BGPC000032827P,RIAG,MIA - 0021,Null,Onsite,Null,Desktop,Active,Null,Null,Null,Null
417,BGPC000032828P,BGPC000032828P,RIAG,MIA - 0022,Null,Onsite,Null,Desktop,Active,Null,Null,Null,Null
418,SOPLAGW60020693,SOPLAGW60020693,RIAG,MIA - 0023,Null,Onsite,Null,Desktop,Active,Null,Null,Null,Null
419,SOPLAGW60020688,SOPLAGW60020688,RIAG,MIA - 0024,Null,Onsite,Null,Desktop,Active,Null,Null,Null,Null
420,SOPLAGW60020692,SOPLAGW60020692,RIAG,MIA - 0025,Null,Onsite,Null,Desktop,Active,Null,Null,Null,Null
421,SOPLAGW60021781,SOPLAGW60021781,RIAG,MIA - 0026,Null,Onsite,Null,Desktop,Active,Null,Null,Null,Null
422,SOPLAGW60021782,SOPLAGW60021782,RIAG,MIA - 0027,Null,Onsite,Null,Desktop,Active,Null,Null,Null,Null
423,SOPLAGW60021783,SOPLAGW60021783,RIAG,MIA - 0028,Null,Onsite,Null,Desktop,Active,Null,Null,Null,Null
424,SOPLAGW60021784,SOPLAGW60021784,RIAG,MIA - 0029,Null,Onsite,Null,Desktop,Active,Null,Null,Null,Null
425,SOPLAGW60020899,SOPLAGW60020899,RIAG,MIA - 0030,Null,Onsite,Null,Desktop,Active,Null,Null,Null,Null
426,SOPLAGW60020690,SOPLAGW60020690,RIAG,MIA - 0031,Null,Onsite,Null,Desktop,Active,Null,Null,Null,Null
427,SOPLAGW60019770,SOPLAGW60019770,RIAG,MIA - 0032,Null,Onsite,Null,Desktop,Active,Null,Null,Null,Null
428,SOPLAGW60019681,SOPLAGW60019681,ECRASH,ORL - 0001,Null,Onsite,Null,Desktop,Active,Null,Null,Null,Null
429,SOPLAGW60019686,SOPLAGW60019686,ECRASH,ORL - 0002,Null,Onsite,Null,Desktop,Active,Null,Null,Null,Null
430,SOPLAGW60019684,SOPLAGW60019684,ECRASH,ORL - 0003,Null,Onsite,Null,Desktop,Active,Null,Null,Null,Null
431,SOPLAGW60018683,SOPLAGW60018683,ECRASH,ORL - 0004,Null,Onsite,Null,Desktop,Active,Null,Null,Null,Null
432,SOPLAGW60019688,SOPLAGW60019688,ECRASH,ORL - 0005,Null,Onsite,Null,Desktop,Active,Null,Null,Null,Null
433,SOPLAGW60018689,SOPLAGW60018689,ECRASH,ORL - 0006,Null,Onsite,Null,Desktop,Active,Null,Null,Null,Null
434,SOPLAGW60019687,SOPLAGW60019687,ECRASH,ORL - 0007,Null,Onsite,Null,Desktop,Active,Null,Null,Null,Null
435,SOPLAGWK033560,SOPLAGWK033560,ECRASH,ORL - 0008,Null,Onsite,Null,Desktop,Active,Null,Null,Null,Null
436,SOPLAGWK032665,SOPLAGWK032665,ECRASH,ORL - 0009,Null,Onsite,Null,Desktop,Active,Null,Null,Null,Null
437,SOPLAGWK32849,SOPLAGWK32849,ECRASH,ORL - 0010,Null,Onsite,Null,Desktop,Active,Null,Null,Null,Null
438,SOPLAGWK031606,SOPLAGWK031606,ECRASH,ORL - 0011,Null,Onsite,Null,Desktop,Active,Null,Null,Null,Null
439,SOPLAGWK031605,SOPLAGWK031605,ECRASH,ORL - 0012,Null,Onsite,Null,Desktop,Active,Null,Null,Null,Null
440,SOPLAGW60023151,SOPLAGW60023151,ECRASH,ORL - 0013,Null,Onsite,Null,Desktop,Active,Null,Null,Null,Null
441,SOPLAGWK032344,SOPLAGWK032344,ECRASH,ORL - 0014,Null,Onsite,Null,Desktop,Active,Null,Null,Null,Null
442,SOPLAGW60023149,SOPLAGW60023149,ECRASH,ORL - 0015,Null,Onsite,Null,Desktop,Active,Null,Null,Null,Null
443,SOPLAGW60019689,SOPLAGW60019689,ECRASH,ORL - 0016,Null,Onsite,Null,Desktop,Active,Null,Null,Null,Null
444,SOPLAGW60023154,SOPLAGW60023154,ECRASH,ORL - 0017,Null,Onsite,Null,Desktop,Active,Null,Null,Null,Null
445,SOPLAGW60023153,SOPLAGW60023153,ECRASH,ORL - 0018,Null,Onsite,Null,Desktop,Active,Null,Null,Null,Null
446,SOPLAGW60023152,SOPLAGW60023152,ECRASH,ORL - 0019,Null,Onsite,Null,Desktop,Active,Null,Null,Null,Null
447,SOPLAGW60023147,SOPLAGW60023147,ECRASH,ORL - 0020,Null,Onsite,Null,Desktop,Active,Null,Null,Null,Null
448,SOPLAGW60020702,SOPLAGW60020702,LN EP,PHX - 0001,Null,Onsite,Null,Desktop,Active,Null,Null,Null,Null
449,SOPLAGWK032848,SOPLAGWK032848,LN EP,PHX - 0002,Null,Onsite,Null,Desktop,Active,Null,Null,Null,Null
450,SOPLAGWK032671,SOPLAGWK032671,LN EP,PHX - 0003,Null,Onsite,Null,Desktop,Active,Null,Null,Null,Null
451,SOPLAGWK034823,SOPLAGWK034823,LN EP,PHX - 0004,Null,Onsite,Null,Desktop,Active,Null,Null,Null,Null
452,VACANT63,VACANT63,LN EP,PHX - 0005,Null,Onsite,Null,Desktop,Active,Null,Null,Null,Null
453,SOPLAGWK34126,SOPLAGWK34126,LN EP,PHX - 0006,Null,Onsite,Null,Desktop,Active,Null,Null,Null,Null
454,SOPLAGW60020703,SOPLAGW60020703,LN EP,PHX - 0007,Null,Onsite,Null,Desktop,Active,Null,Null,Null,Null
455,SOPLAGW60021422,SOPLAGW60021422,LN EP,PHX - 0008,Null,Onsite,Null,Desktop,Active,Null,Null,Null,Null
456,SOPLAGW60021423,SOPLAGW60021423,LN EP,PHX - 0009,Null,Onsite,Null,Desktop,Active,Null,Null,Null,Null
457,SOPLAGW60021424,SOPLAGW60021424,LN EP,PHX - 0010,Null,Onsite,Null,Desktop,Active,Null,Null,Null,Null
458,SOPLAGW60019699,SOPLAGW60019699,LN EP,PHX - 0011,Null,Onsite,Null,Desktop,Active,Null,Null,Null,Null
459,SOPLAGWK034130,SOPLAGWK034130,LN EP,PHX - 0012,Null,Onsite,Null,Desktop,Active,Null,Null,Null,Null
460,VACANT64,VACANT64,LN EP,PHX - 0013,Null,Onsite,Null,Desktop,Active,Null,Null,Null,Null
461,SOPLAGWK034820,SOPLAGWK034820,LN EP,PHX - 0014,Null,Onsite,Null,Desktop,Active,Null,Null,Null,Null
462,SOPLAGWK034821,SOPLAGWK034821,LN EP,PHX - 0015,Null,Onsite,Null,Desktop,Active,Null,Null,Null,Null
463,SOPLAGWK031602,SOPLAGWK031602,LN EP,PHX - 0016,Null,Onsite,Null,Desktop,Active,Null,Null,Null,Null
464,SOPLAGWK031604,SOPLAGWK031604,LN EP,PHX - 0017,Null,Onsite,Null,Desktop,Active,Null,Null,Null,Null
465,SOPLAGWK032739,SOPLAGWK032739,LN EP,PHX - 0018,Null,Onsite,Null,Desktop,Active,Null,Null,Null,Null
466,SOPLAGWK032821,SOPLAGWK032821,LN EP,PHX - 0019,Null,Onsite,Null,Desktop,Active,Null,Null,Null,Null
467,SOPLAGWK031608,SOPLAGWK031608,LN EP,PHX - 0020,Null,Onsite,Null,Desktop,Active,Null,Null,Null,Null
468,SOPLAGW60020651,SOPLAGW60020651,LN KEYED,PHX - 0021,Null,Onsite,Null,Desktop,Active,Null,Null,Null,Null
469,SOPLAGW60019705,SOPLAGW60019705,LN KEYED,PHX - 0022,Null,Onsite,Null,Desktop,Active,Null,Null,Null,Null
470,SOPLAGW60019706,SOPLAGW60019706,LN KEYED,PHX - 0023,Null,Onsite,Null,Desktop,Active,Null,Null,Null,Null
471,SOPLAGWK032812,SOPLAGWK032812,LN KEYED,PHX - 0024,Null,Onsite,Null,Desktop,Active,Null,Null,Null,Null
472,SOPLAGWK032813,SOPLAGWK032813,LN KEYED,PHX - 0025,Null,Onsite,Null,Desktop,Active,Null,Null,Null,Null
473,SOPLAGW60020662,SOPLAGW60020662,LN AUNZ,PHX - 0026,Null,Onsite,Null,Desktop,Active,Null,Null,Null,Null
474,SOPLAGW60020655,SOPLAGW60020655,LN AUNZ,PHX - 0027,Null,Onsite,Null,Desktop,Active,Null,Null,Null,Null
475,SOPLAGW60020665,SOPLAGW60020665,LN AUNZ,PHX - 0028,Null,Onsite,Null,Desktop,Active,Null,Null,Null,Null
476,SOPLAGW60020649,SOPLAGW60020649,LN AUNZ,PHX - 0029,Null,Onsite,Null,Desktop,Active,Null,Null,Null,Null
477,SOPLAGW60019701,SOPLAGW60019701,LN AUNZ,PHX - 0030,Null,Onsite,Null,Desktop,Active,Null,Null,Null,Null
478,SOPLAGW60021413,SOPLAGW60021413,ECRASH,PHX - 0031,Null,Onsite,Null,Desktop,Active,Null,Null,Null,Null
479,SOPLAGW60021412,SOPLAGW60021412,ECRASH,PHX - 0032,Null,Onsite,Null,Desktop,Active,Null,Null,Null,Null
480,SOPLAGWK032816,SOPLAGWK032816,LN AUNZ,PHX - 0033,Null,Onsite,Null,Desktop,Active,Null,Null,Null,Null
481,SOPLAGW60020661,SOPLAGW60020661,LN AUNZ,PHX - 0034,Null,Onsite,Null,Desktop,Active,Null,Null,Null,Null
482,SOPLAGW60020658,SOPLAGW60020658,LN AUNZ,PHX - 0035,Null,Onsite,Null,Desktop,Active,Null,Null,Null,Null
483,SOPLAGWK034826,SOPLAGWK034826,LN AUNZ,SA - 0001,Null,Onsite,Null,Desktop,Active,Null,Null,Null,Null
484,VACANT65,VACANT65,LN AUNZ,SA - 0002,Null,Onsite,Null,Desktop,Active,Null,Null,Null,Null
485,VACANT66,VACANT66,LN AUNZ,SA - 0003,Null,Onsite,Null,Desktop,Active,Null,Null,Null,Null
486,VACANT67,VACANT67,LN AUNZ,SA - 0004,Null,Onsite,Null,Desktop,Active,Null,Null,Null,Null
487,VACANT68,VACANT68,LN AUNZ,SA - 0005,Null,Onsite,Null,Desktop,Active,Null,Null,Null,Null
488,VACANT69,VACANT69,LN AUNZ,SA - 0006,Null,Onsite,Null,Desktop,Active,Null,Null,Null,Null
489,SOPLAGWK035326,SOPLAGWK035326,LN KEYED,SA - 0007,Null,Onsite,Null,Desktop,Active,Null,Null,Null,Null
490,VACANT70,VACANT71,LN AUNZ,SA - 0008,Null,Onsite,Null,Desktop,Active,Null,Null,Null,Null
491,VACANT72,VACANT72,LN AUNZ,SA - 0009,Null,Onsite,Null,Desktop,Active,Null,Null,Null,Null
492,VACANT73,VACANT73,LN AUNZ,SA - 0010,Null,Onsite,Null,Desktop,Active,Null,Null,Null,Null
493,VACANT74,VACANT74,LN AUNZ,SA - 0011,Null,Onsite,Null,Desktop,Active,Null,Null,Null,Null
494,VACANT75,VACANT75,LN UK,SA - 0012,Null,Onsite,Null,Desktop,Active,Null,Null,Null,Null
495,VACANT76,VACANT76,LN UK,SA - 0013,Null,Onsite,Null,Desktop,Active,Null,Null,Null,Null
496,VACANT77,VACANT77,LN UK,SA - 0014,Null,Onsite,Null,Desktop,Active,Null,Null,Null,Null
497,SOPLAGW60020671,SOPLAGW60020671,LN KEYED,SA - 0015,Null,Onsite,Null,Desktop,Active,Null,Null,Null,Null
498,SOPLAGW60019707,SOPLAGW60019707,LN KEYED,SA - 0016,Null,Onsite,Null,Desktop,Active,Null,Null,Null,Null
499,SOPLAGWK034806,SOPLAGWK034806,LN KEYED,SA - 0017,Null,Onsite,Null,Desktop,Active,Null,Null,Null,Null
500,SOPLAGW60020667,SOPLAGW60020667,LN KEYED,SA - 0018,Null,Onsite,Null,Desktop,Active,Null,Null,Null,Null
501,SOPLAGWK033860,SOPLAGWK033860,LN UK,SA - 0019,Null,Onsite,Null,Desktop,Active,Null,Null,Null,Null
502,SOPLAGWK035231,SOPLAGWK035231,LN UK,SA - 0020,Null,Onsite,Null,Desktop,Active,Null,Null,Null,Null
503,SOPLAGWK035378,SOPLAGWK035378,LN UK,SA - 0021,Null,Onsite,Null,Desktop,Active,Null,Null,Null,Null
504,SOPLAGWK035396,SOPLAGWK035396,LN ANALYTICAL,SA - 0022,Null,Onsite,Null,Desktop,Active,Null,Null,Null,Null
505,SOPLAGWK035234,SOPLAGWK035234,LN ANALYTICAL,SA - 0023,Null,Onsite,Null,Desktop,Active,Null,Null,Null,Null
506,SOPLAGWK035229,SOPLAGWK035229,LN ANALYTICAL,SA - 0024,Null,Onsite,Null,Desktop,Active,Null,Null,Null,Null
507,SOPLAGWK035248,SOPLAGWK035248,LN ANALYTICAL,SA - 0025,Null,Onsite,Null,Desktop,Active,Null,Null,Null,Null
508,SOPLAGWK035247,SOPLAGWK035247,LN ANALYTICAL,SA - 0026,Null,Onsite,Null,Desktop,Active,Null,Null,Null,Null
509,SOPLAGWK033554,SOPLAGWK033554,LN KEYED,SA - 0027,Null,Onsite,Null,Desktop,Active,Null,Null,Null,Null
510,SOPLAGWK033557,SOPLAGWK033557,LN KEYED,SA - 0028,Null,Onsite,Null,Desktop,Active,Null,Null,Null,Null
511,VACANT78,VACANT78,Null,SA - 0029,Null,Onsite,Null,Desktop,Active,Null,Null,Null,Null
512,VACANT79,VACANT79,Null,SA - 0030,Null,Onsite,Null,Desktop,Active,Null,Null,Null,Null
513,VACANT80,VACANT80,Null,SA - 0031,Null,Onsite,Null,Desktop,Active,Null,Null,Null,Null
514,VACANT81,VACANT81,Null,SA - 0032,Null,Onsite,Null,Desktop,Active,Null,Null,Null,Null
515,VACANT82,VACANT82,Null,SA - 0033,Null,Onsite,Null,Desktop,Active,Null,Null,Null,Null
516,VACANT83,VACANT83,Null,SA - 0034,Null,Onsite,Null,Desktop,Active,Null,Null,Null,Null
517,VACANT84,VACANT84,Null,SA - 0035,Null,Onsite,Null,Desktop,Active,Null,Null,Null,Null
518,VACANT85,VACANT85,Null,SA - 0036,Null,Onsite,Null,Desktop,Active,Null,Null,Null,Null
519,VACANT86,VACANT86,Null,SA - 0037,Null,Onsite,Null,Desktop,Active,Null,Null,Null,Null
520,VACANT87,VACANT87,Null,SA - 0038,Null,Onsite,Null,Desktop,Active,Null,Null,Null,Null
521,VACANT88,VACANT88,Null,SA - 0039,Null,Onsite,Null,Desktop,Active,Null,Null,Null,Null
522,VACANT89,VACANT89,Null,SA - 0040,Null,Onsite,Null,Desktop,Active,Null,Null,Null,Null
523,VACANT90,VACANT90,Null,SA - 0041,Null,Onsite,Null,Desktop,Active,Null,Null,Null,Null
524,VACANT91,VACANT91,Null,SA - 0042,Null,Onsite,Null,Desktop,Active,Null,Null,Null,Null
525,VACANT92,VACANT92,Null,SA - 0043,Null,Onsite,Null,Desktop,Active,Null,Null,Null,Null
526,VACANT93,VACANT93,Null,SA - 0044,Null,Onsite,Null,Desktop,Active,Null,Null,Null,Null
527,VACANT94,VACANT94,Null,SA - 0045,Null,Onsite,Null,Desktop,Active,Null,Null,Null,Null
528,VACANT95,VACANT95,Null,SA - 0046,Null,Onsite,Null,Desktop,Active,Null,Null,Null,Null
529,VACANT96,VACANT96,Null,SA - 0047,Null,Onsite,Null,Desktop,Active,Null,Null,Null,Null
530,VACANT97,VACANT97,Null,SA - 0048,Null,Onsite,Null,Desktop,Active,Null,Null,Null,Null
531,VACANT98,VACANT98,Null,SA - 0049,Null,Onsite,Null,Desktop,Active,Null,Null,Null,Null
532,VACANT99,VACANT99,STP,SAC - 0001,Null,Onsite,Null,Desktop,Active,Null,Null,Null,Null
533,SOPLAGWK032741,SOPLAGWK032741,STP,SAC - 0002,Null,Onsite,Null,Desktop,Active,Null,Null,Null,Null
534,VACANT100,VACANT101,STP,SAC - 0003,Null,Onsite,Null,Desktop,Active,Null,Null,Null,Null
535,VACANT101,VACANT102,WK TAA,SAC - 0004,Null,Onsite,Null,Desktop,Active,Null,Null,Null,Null
536,VACANT102,VACANT103,WK TAA,SAC - 0005,Null,Onsite,Null,Desktop,Active,Null,Null,Null,Null
537,VACANT103,VACANT104,WK TAA,SAC - 0006,Null,Onsite,Null,Desktop,Active,Null,Null,Null,Null
538,SOPLAGWK035799,SOPLAGWK035799,WK TAA,SAC - 0007,Null,Onsite,Null,Desktop,Active,Null,Null,Null,Null
539,SOPLAGWK036105,SOPLAGWK036105,WK TAA,SAC - 0008,Null,Onsite,Null,Desktop,Active,Null,Null,Null,Null
540,VACANT104,VACANT104,Null,SAC - 0009,Null,Onsite,Null,Desktop,Active,Null,Null,Null,Null
541,VACANT105,VACANT105,Null,SAC - 0010,Null,Onsite,Null,Desktop,Active,Null,Null,Null,Null
542,VACANT106,VACANT106,Null,SAC - 0011,Null,Onsite,Null,Desktop,Active,Null,Null,Null,Null
543,VACANT107,VACANT107,Null,SAC - 0012,Null,Onsite,Null,Desktop,Active,Null,Null,Null,Null
544,VACANT108,VACANT108,Null,SAC - 0013,Null,Onsite,Null,Desktop,Active,Null,Null,Null,Null
545,VACANT109,VACANT109,Null,SAC - 0014,Null,Onsite,Null,Desktop,Active,Null,Null,Null,Null
546,VACANT110,VACANT110,Null,SAC - 0015,Null,Onsite,Null,Desktop,Active,Null,Null,Null,Null
547,VACANT111,VACANT111,Null,SAC - 0016,Null,Onsite,Null,Desktop,Active,Null,Null,Null,Null
548,SOPLAGW60019746,SOPLAGW60019746,NATGEN,TOR - 0001,Null,Onsite,Null,Desktop,Active,Null,Null,Null,Null
549,SOPLAGWK035542,SOPLAGWK035542,NATGEN,TOR - 0002,Null,Onsite,Null,Desktop,Active,Null,Null,Null,Null
550,SOPLAGWK036096,SOPLAGWK036096,NATGEN,TOR - 0003,Null,Onsite,Null,Desktop,Active,Null,Null,Null,Null
551,SOPLAGW60019739,SOPLAGW60019739,NATGEN,TOR - 0004,Null,Onsite,Null,Desktop,Active,Null,Null,Null,Null
552,SOPLAGWK035891,SOPLAGWK035891,NATGEN,TOR - 0005,Null,Onsite,Null,Desktop,Active,Null,Null,Null,Null
553,SOPLAGWK035572,SOPLAGWK035572,NATGEN,TOR - 0006,Null,Onsite,Null,Desktop,Active,Null,Null,Null,Null
554,SOPLAGWK035336,SOPLAGWK035336,NATGEN,TOR - 0007,Null,Onsite,Null,Desktop,Active,Null,Null,Null,Null
555,SOPLAGWK035858,SOPLAGWK035858,NATGEN,TOR - 0008,Null,Onsite,Null,Desktop,Active,Null,Null,Null,Null
556,SOPLAGWK035577,SOPLAGWK035577,NATGEN,TOR - 0009,Null,Onsite,Null,Desktop,Active,Null,Null,Null,Null
557,SOPLAGW60019740,SOPLAGW60019740,NATGEN,TOR - 0010,Null,Onsite,Null,Desktop,Active,Null,Null,Null,Null
558,SOPLAGW60019741,SOPLAGW60019741,NATGEN,TOR - 0011,Null,Onsite,Null,Desktop,Active,Null,Null,Null,Null
559,SOPLAGWK035345,SOPLAGWK035345,NATGEN,TOR - 0012,Null,Onsite,Null,Desktop,Active,Null,Null,Null,Null
560,SOPLAGWK035543,SOPLAGWK035543,NATGEN,TOR - 0013,Null,Onsite,Null,Desktop,Active,Null,Null,Null,Null
561,SOPLAGWK035907,SOPLAGWK035907,NATGEN,TOR - 0014,Null,Onsite,Null,Desktop,Active,Null,Null,Null,Null
562,SOPLAGWK036086,SOPLAGWK036086,NATGEN,TOR - 0015,Null,Onsite,Null,Desktop,Active,Null,Null,Null,Null
563,SOPLAGWK035557,SOPLAGWK035557,NATGEN,TOR - 0016,Null,Onsite,Null,Desktop,Active,Null,Null,Null,Null
564,SOPLAGWK035558,SOPLAGWK035558,NATGEN,TOR - 0017,Null,Onsite,Null,Desktop,Active,Null,Null,Null,Null
565,SOPLAGW60019742,SOPLAGW60019742,NATGEN,TOR - 0018,Null,Onsite,Null,Desktop,Active,Null,Null,Null,Null
566,SOPLAGWK035917,SOPLAGWK035917,NATGEN,TOR - 0019,Null,Onsite,Null,Desktop,Active,Null,Null,Null,Null
567,SOPLAGWK035347,SOPLAGWK035347,NATGEN,TOR - 0020,Null,Onsite,Null,Desktop,Active,Null,Null,Null,Null
568,SOPLAGWK035921,SOPLAGWK035921,NATGEN,TOR - 0021,Null,Onsite,Null,Desktop,Active,Null,Null,Null,Null
569,SOPLAGWK035338,SOPLAGWK035338,NATGEN,TOR - 0022,Null,Onsite,Null,Desktop,Active,Null,Null,Null,Null
570,SOPLAGWK036083,SOPLAGWK036083,NATGEN,TOR - 0023,Null,Onsite,Null,Desktop,Active,Null,Null,Null,Null
571,SOPLAGW60019748,SOPLAGW60019748,NATGEN,TOR - 0024,Null,Onsite,Null,Desktop,Active,Null,Null,Null,Null
572,SOPLAGWK035555,SOPLAGWK035555,NATGEN,TOR - 0025,Null,Onsite,Null,Desktop,Active,Null,Null,Null,Null
573,SOPLAGWK034808,SOPLAGWK034808,NATGEN,TOR - 0026,Null,Onsite,Null,Desktop,Active,Null,Null,Null,Null
574,SOPLAGWK035559,SOPLAGWK035559,NATGEN,TOR - 0027,Null,Onsite,Null,Desktop,Active,Null,Null,Null,Null
575,SOPLAGWK035905,SOPLAGWK035905,NATGEN,TOR - 0028,Null,Onsite,Null,Desktop,Active,Null,Null,Null,Null
576,SOPLAGWK035915,SOPLAGWK035915,NATGEN,TOR - 0029,Null,Onsite,Null,Desktop,Active,Null,Null,Null,Null
577,SOPLAGWK035910,SOPLAGWK035910,NATGEN,TOR - 0030,Null,Onsite,Null,Desktop,Active,Null,Null,Null,Null
578,SOPLAGWK035916,SOPLAGWK035916,NATGEN,TOR - 0031,Null,Onsite,Null,Desktop,Active,Null,Null,Null,Null
579,SOPLAGWK035339,SOPLAGWK035339,NATGEN,TOR - 0032,Null,Onsite,Null,Desktop,Active,Null,Null,Null,Null
580,SOPLAGWK035908,SOPLAGWK035908,NATGEN,TOR - 0033,Null,Onsite,Null,Desktop,Active,Null,Null,Null,Null
581,SOPLAGWK035922,SOPLAGWK035922,NATGEN,TOR - 0034,Null,Onsite,Null,Desktop,Active,Null,Null,Null,Null
582,SOPLAGWK035864,SOPLAGWK035864,NATGEN,TOR - 0035,Null,Onsite,Null,Desktop,Active,Null,Null,Null,Null
583,SOPLAGWK036099,SOPLAGWK036099,NATGEN,TOR - 0036,Null,Onsite,Null,Desktop,Active,Null,Null,Null,Null
584,SOPLAGWK035343,SOPLAGWK035343,NATGEN,TOR - 0037,Null,Onsite,Null,Desktop,Active,Null,Null,Null,Null
585,SOPLAGWK036093,SOPLAGWK036093,NATGEN,TOR - 0038,Null,Onsite,Null,Desktop,Active,Null,Null,Null,Null
586,SOPLAGWK034815,SOPLAGWK034815,NATGEN,TOR - 0039,Null,Onsite,Null,Desktop,Active,Null,Null,Null,Null
587,SOPLAGWK035547,SOPLAGWK035547,NATGEN,TOR - 0040,Null,Onsite,Null,Desktop,Active,Null,Null,Null,Null
588,SOPLAGWK035556,SOPLAGWK035556,NATGEN,TOR - 0041,Null,Onsite,Null,Desktop,Active,Null,Null,Null,Null
589,SOPLAGWK034802,SOPLAGWK034802,NATGEN,TOR - 0042,Null,Onsite,Null,Desktop,Active,Null,Null,Null,Null
590,SOPLAGW60019718,SOPLAGW60019718,NATGEN,TOR - 0043,Null,Onsite,Null,Desktop,Active,Null,Null,Null,Null
591,SOPLAGWK035544,SOPLAGWK035544,NATGEN,TOR - 0044,Null,Onsite,Null,Desktop,Active,Null,Null,Null,Null
592,SOPLAGWK035538,SOPLAGWK035538,NATGEN,TOR - 0045,Null,Onsite,Null,Desktop,Active,Null,Null,Null,Null
593,SOPLAGWK034819,SOPLAGWK034819,NATGEN,TOR - 0046,Null,Onsite,Null,Desktop,Active,Null,Null,Null,Null
594,SOPLAGWK035569,SOPLAGWK035569,NATGEN,TOR - 0047,Null,Onsite,Null,Desktop,Active,Null,Null,Null,Null
595,SOPLAGWK035546,SOPLAGWK035546,NATGEN,TOR - 0048,Null,Onsite,Null,Desktop,Active,Null,Null,Null,Null
596,SOPLAGWK036092,SOPLAGWK036092,NATGEN,TOR - 0049,Null,Onsite,Null,Desktop,Active,Null,Null,Null,Null
597,SOPLAGW60019743,SOPLAGW60019743,NATGEN,TOR - 0050,Null,Onsite,Null,Desktop,Active,Null,Null,Null,Null
598,SOPLAGWK035896,SOPLAGWK035896,NATGEN,TOR - 0051,Null,Onsite,Null,Desktop,Active,Null,Null,Null,Null
599,SOPLAGWK034822,SOPLAGWK034822,NATGEN,TOR - 0052,Null,Onsite,Null,Desktop,Active,Null,Null,Null,Null
600,SOPLAGWK035540,SOPLAGWK035540,NATGEN,TOR - 0053,Null,Onsite,Null,Desktop,Active,Null,Null,Null,Null
601,VACANT102,VACANT2,NATGEN,TOR - 0054,Null,Onsite,Null,Desktop,Active,Null,Null,Null,Null
602,SOPLAGWK036095,SOPLAGWK036095,NATGEN,TOR - 0055,Null,Onsite,Null,Desktop,Active,Null,Null,Null,Null
603,SOPLAGWK035539,SOPLAGWK035539,Null,TRN - 0001,Null,Onsite,Null,Desktop,Active,Null,Null,Null,Null
604,SOPLAGWK036088,SOPLAGWK036088,Null,TRN - 0002,Null,Onsite,Null,Desktop,Active,Null,Null,Null,Null
605,SOPLAGW60019713,SOPLAGW60019713,Null,TRN - 0003,Null,Onsite,Null,Desktop,Active,Null,Null,Null,Null
606,VACANT103,VACANT103,Null,TRN - 0004,Null,Onsite,Null,Desktop,Active,Null,Null,Null,Null
607,VACANT104,VACANT104,Null,TRN - 0005,Null,Onsite,Null,Desktop,Active,Null,Null,Null,Null
608,SOPLAGWK035552,SOPLAGWK035552,Null,TRN - 0006,Null,Onsite,Null,Desktop,Active,Null,Null,Null,Null
609,SOPLAGWK035866,SOPLAGWK035866,Null,TRN - 0007,Null,Onsite,Null,Desktop,Active,Null,Null,Null,Null
610,SOPLAGWK035918,SOPLAGWK035918,Null,TRN - 0008,Null,Onsite,Null,Desktop,Active,Null,Null,Null,Null
611,SOPLAGWK035911,SOPLAGWK035911,Null,TRN - 0009,Null,Onsite,Null,Desktop,Active,Null,Null,Null,Null
612,SOPLAGWK035901,SOPLAGWK035901,Null,TRN - 0010,Null,Onsite,Null,Desktop,Active,Null,Null,Null,Null
613,SOPLAGW60019737,SOPLAGW60019737,Null,TRN - 0011,Null,Onsite,Null,Desktop,Active,Null,Null,Null,Null
614,SOPLAGW60019733,SOPLAGW60019733,Null,TRN - 0012,Null,Onsite,Null,Desktop,Active,Null,Null,Null,Null
615,SOPLAGWK035885,SOPLAGWK035885,Null,TRN - 0013,Null,Onsite,Null,Desktop,Active,Null,Null,Null,Null
616,SOPLAGWK035857,SOPLAGWK035857,Null,TRN - 0014,Null,Onsite,Null,Desktop,Active,Null,Null,Null,Null
617,SOPLAGW60019715,SOPLAGW60019715,Null,TRN - 0015,Null,Onsite,Null,Desktop,Active,Null,Null,Null,Null
618,SOPLAGWK035888,SOPLAGWK035888,Null,TRN - 0016,Null,Onsite,Null,Desktop,Active,Null,Null,Null,Null
619,SOPLAGWK035886,SOPLAGWK035886,Null,TRN - 0017,Null,Onsite,Null,Desktop,Active,Null,Null,Null,Null
620,SOPLAGWK035317,SOPLAGWK035317,Null,TRN - 0018,Null,Onsite,Null,Desktop,Active,Null,Null,Null,Null
621,SOPLAGWK035341,SOPLAGWK035341,Null,TRN - 0019,Null,Onsite,Null,Desktop,Active,Null,Null,Null,Null
622,VACANT105,VACANT105,Null,TRN - 0020,Null,Onsite,Null,Desktop,Active,Null,Null,Null,Null
623,VACANT106,VACANT106,Null,TRN - 0021,Null,Onsite,Null,Desktop,Active,Null,Null,Null,Null
624,VACANT107,VACANT107,Null,TRN - 0022,Null,Onsite,Null,Desktop,Active,Null,Null,Null,Null
625,SOPLAGW60024063,SOPLAGW60024063,Null,GR - 0001,Null,Onsite,Null,Desktop,Active,Null,Null,Null,Null
626,SOPLAGWK044344,SOPLAGWK044344,Null,GR - 0002,Null,Onsite,Null,Desktop,Active,Null,Null,Null,Null
627,GPC34094,GPC34094,Null,GR - 0003,Null,Onsite,Null,Desktop,Active,Null,Null,Null,Null
628,SOPLAGWK035376,SOPLAGWK035376,Null,GR - 0004,Null,Onsite,Null,Desktop,Active,Null,Null,Null,Null
629,SOPLAGW60024060,SOPLAGW60024060,Null,GR - 0005,Null,Onsite,Null,Desktop,Active,Null,Null,Null,Null
630,SOPLAGW60024061,SOPLAGW60024061,Null,GR - 0006,Null,Onsite,Null,Desktop,Active,Null,Null,Null,Null
631,SOPLAGW60024062,SOPLAGW60024062,Null,GR - 0007,Null,Onsite,Null,Desktop,Active,Null,Null,Null,Null
632,SOPLAGW60024064,SOPLAGW60024064,Null,GR - 0008,Null,Onsite,Null,Desktop,Active,Null,Null,Null,Null
633,SOPLAGWK035240,SOPLAGWK035240,Null,GR - 0009,Null,Onsite,Null,Desktop,Active,Null,Null,Null,Null
634,SOPLAGWK035249,SOPLAGWK035249,Null,GR - 0010,Null,Onsite,Null,Desktop,Active,Null,Null,Null,Null
635,SOPLAGWK035243,SOPLAGWK035243,Null,GR - 0011,Null,Onsite,Null,Desktop,Active,Null,Null,Null,Null
636,SOPLAGWK035244,SOPLAGWK035244,Null,GR - 0012,Null,Onsite,Null,Desktop,Active,Null,Null,Null,Null
637,VACANT109,VACANT109,Null,GR - 0013,Null,Onsite,Null,Desktop,Active,Null,Null,Null,Null
638,VACANT110,VACANT110,Null,GR - 0014,Null,Onsite,Null,Desktop,Active,Null,Null,Null,Null
639,VACANT111,VACANT111,Null,GR - 0015,Null,Onsite,Null,Desktop,Active,Null,Null,Null,Null
640,VACANT112,VACANT112,Null,GR - 0016,Null,Onsite,Null,Desktop,Active,Null,Null,Null,Null
641,VACANT113,VACANT113,Null,GR - 0017,Null,Onsite,Null,Desktop,Active,Null,Null,Null,Null
642,VACANT114,VACANT114,Null,GR - 0018,Null,Onsite,Null,Desktop,Active,Null,Null,Null,Null
